Workbook

Sheet EmpleadoSesion
A1: employee_session_key | B1: employee_id | C1: session_id | D1: participantes_access_id | E1: participantes_first_name | F1: participantes_job_title | G1: participantes_last_name | H1: participantes_session_access_membership_id | I1: sesiones_description | J1: sesiones_due_date | K1: sesiones_duration | L1: sesiones_ends_at | M1: sesiones_link | N1: sesiones_location | O1: sesiones_modality | P1: sesiones_name | Q1: sesiones_parent_id | R1: sesiones_schedule | S1: sesiones_session_attendance_ids | T1: sesiones_session_feedback_id | U1: sesiones_session_id | V1: sesiones_starts_at | W1: sesiones_status | X1: sesiones_subsidized | Y1: sesiones_training_class_id | Z1: sesiones_training_id | AA1: grupos_cost | AB1: grupos_description | AC1: grupos_end_date | AD1: grupos_indirect_cost | AE1: grupos_name | AF1: grupos_salary_cost | AG1: grupos_start_date | AH1: grupos_subsidized_cost | AI1: grupos_training_class_id | AJ1: grupos_training_id | AK1: cursos_author_id | AL1: cursos_catalog | AM1: cursos_category_ids | AN1: cursos_code | AO1: cursos_company_id | AP1: cursos_competency_ids | AQ1: cursos_cost | AR1: cursos_cost_decimal | AS1: cursos_created_at | AT1: cursos_description | AU1: cursos_external | AV1: cursos_external_provider | AW1: cursos_fundae_subsidized | AX1: cursos_name | AY1: cursos_number_of_expired_participants | AZ1: cursos_objectives | BA1: cursos_status | BB1: cursos_subsidized | BC1: cursos_subsidized_cost | BD1: cursos_subsidized_cost_decimal | BE1: cursos_total_cost | BF1: cursos_total_cost_decimal | BG1: cursos_total_participants | BH1: cursos_total_training_cost | BI1: cursos_total_training_indirect_cost | BJ1: cursos_total_training_salary_cost | BK1: cursos_total_training_subsidized_cost | BL1: cursos_training_attendance_status | BM1: cursos_training_id | BN1: cursos_updated_at | BO1: cursos_valid_for | BP1: cursos_year
A2: 2497090__79325 | B2: 2497090 | C2: 79325 | D2: 2537138 | E2: Immaculada | G2: Rodriguez Molino | H2: 561940 | J2: 38245 | K2: 1.0 | L2: 2004-09-15T23:59:59.000Z | N2: FORMACION INTERNA | O2: inperson | P2: 2004 | R2: selfpaced | S2: [567948] | U2: 79325 | V2: 2004-09-13T00:00:00.000Z | W2: active | X2: FALSO | Y2: 54603 | Z2: 51803 | AA2: 0 | AC2: 38245 | AD2: 0 | AE2: 2004 | AF2: 0 | AG2: 38243 | AH2: 0 | AI2: 54603 | AJ2: 51803 | AK2: 2529034 | AL2: FALSO | AM2: [] | AN2: 9 | AO2: 309418 | AP2: [] | AQ2: 0 | AR2: 0 | AS2: 2025-04-01T07:25:04.674Z | AU2: FALSO | AW2: FALSO | AX2: LOTUS NOTES | BA2: active | BB2: FALSO | BC2: 0 | BD2: 0 | BE2: 0 | BF2: 0 | BG2: 1 | BH2: 0 | BI2: 0 | BJ2: 0 | BK2: 0 | BL2: notstarted | BM2: 51803 | BN2: 2025-04-02T14:00:19.398Z | BP2: 2004
A3: 2497090__79326 | B3: 2497090 | C3: 79326 | D3: 2537138 | E3: Immaculada | G3: Rodriguez Molino | H3: 561941 | J3: 38898 | K3: 0.07 | L3: 2006-06-30T23:59:59.000Z | N3: CIEF | O3: inperson | P3: 2005 | R3: selfpaced | S3: [567949] | U3: 79326 | V3: 2005-10-17T00:00:00.000Z | W3: active | X3: FALSO | Y3: 54604 | Z3: 51808 | AA3: 0 | AC3: 38898 | AD3: 0 | AE3: 2005 | AF3: 0 | AG3: 38642 | AH3: 0 | AI3: 54604 | AJ3: 51808 | AK3: 2529034 | AL3: FALSO | AM3: [] | AN3: 15 | AO3: 309418 | AP3: [] | AQ3: 0 | AR3: 0 | AS3: 2025-04-01T07:25:06.229Z | AU3: VERDADERO | AV3: CIEF | AW3: FALSO | AX3: INGLES PRE-INTERMEDIATE | BA3: active | BB3: FALSO | BC3: 0 | BD3: 0 | BE3: 0 | BF3: 0 | BG3: 1 | BH3: 0 | BI3: 0 | BJ3: 0 | BK3: 0 | BL3: notstarted | BM3: 51808 | BN3: 2025-04-02T14:00:19.656Z | BP3: 2004
A4: 2497090__79327 | B4: 2497090 | C4: 79327 | D4: 2537138 | E4: Immaculada | G4: Rodriguez Molino | H4: 561942 | J4: 39071 | K4: 4.0 | L4: 2006-12-20T23:59:59.000Z | N4: CIEF | O4: inperson | P4: 2006 | R4: selfpaced | S4: [567950] | U4: 79327 | V4: 2006-01-11T00:00:00.000Z | W4: active | X4: FALSO | Y4: 54605 | Z4: 51808 | AA4: 0 | AC4: 39071 | AD4: 0 | AE4: 2006 | AF4: 0 | AG4: 38728 | AH4: 0 | AI4: 54605 | AJ4: 51808 | AK4: 2529034 | AL4: FALSO | AM4: [] | AN4: 15 | AO4: 309418 | AP4: [] | AQ4: 0 | AR4: 0 | AS4: 2025-04-01T07:25:06.229Z | AU4: VERDADERO | AV4: CIEF | AW4: FALSO | AX4: INGLES PRE-INTERMEDIATE | BA4: active | BB4: FALSO | BC4: 0 | BD4: 0 | BE4: 0 | BF4: 0 | BG4: 1 | BH4: 0 | BI4: 0 | BJ4: 0 | BK4: 0 | BL4: notstarted | BM4: 51808 | BN4: 2025-04-02T14:00:19.656Z | BP4: 2004
A5: 2497090__79328 | B5: 2497090 | C5: 79328 | D5: 2537138 | E5: Immaculada | G5: Rodriguez Molino | H5: 561943 | J5: 38497 | K5: 20.0 | L5: 2005-05-25T23:59:59.000Z | N5: AULA BDN, SCP | O5: inperson | P5: 2005 | R5: selfpaced | S5: [567951] | U5: 79328 | V5: 2005-05-23T00:00:00.000Z | W5: active | X5: FALSO | Y5: 54606 | Z5: 51810 | AA5: 248 | AC5: 38497 | AD5: 0 | AE5: 2005 | AF5: 0 | AG5: 38495 | AH5: 0 | AI5: 54606 | AJ5: 51810 | AK5: 2529034 | AL5: FALSO | AM5: [] | AN5: 32 | AO5: 309418 | AP5: [] | AQ5: 0 | AR5: 0 | AS5: 2025-04-01T07:25:06.791Z | AU5: VERDADERO | AV5: AULA BDN, SCP | AW5: FALSO | AX5: HIDROCOLOIDES: ESPESANTES I GELIFICANTES | BA5: active | BB5: FALSO | BC5: 0 | BD5: 0 | BE5: 0 | BF5: 0 | BG5: 1 | BH5: 248 | BI5: 0 | BJ5: 0 | BK5: 0 | BL5: notstarted | BM5: 51810 | BN5: 2025-04-02T14:00:19.942Z | BP5: 2005
A6: 2497090__79329 | B6: 2497090 | C6: 79329 | D6: 2537138 | E6: Immaculada | G6: Rodriguez Molino | H6: 561944 | J6: 39398 | K6: 2.0 | L6: 2007-11-12T23:59:59.000Z | N6: MEGARA SOCIEDAD DE PREVENCIÓN DE MUTUA E | O6: inperson | P6: 2007 | R6: selfpaced | S6: [567952] | U6: 79329 | V6: 2007-11-12T00:00:00.000Z | W6: active | X6: FALSO | Y6: 54607 | Z6: 51811 | AA6: 0 | AC6: 39398 | AD6: 0 | AE6: 2007 | AF6: 0 | AG6: 39398 | AH6: 0 | AI6: 54607 | AJ6: 51811 | AK6: 2529034 | AL6: FALSO | AM6: [] | AN6: 105 | AO6: 309418 | AP6: [] | AQ6: 0 | AR6: 0 | AS6: 2025-04-01T07:25:07.091Z | AU6: VERDADERO | AV6: MEGARA SOCIEDAD DE PREVENCIÓN DE MUTUA E | AW6: FALSO | AX6: PANTALLAS DE VISUALIZACIÓN DE DATOS | BA6: active | BB6: FALSO | BC6: 0 | BD6: 0 | BE6: 0 | BF6: 0 | BG6: 4 | BH6: 0 | BI6: 0 | BJ6: 0 | BK6: 0 | BL6: notstarted | BM6: 51811 | BN6: 2025-04-02T14:00:20.208Z | BP6: 2007
A7: 2497092__79330 | B7: 2497092 | C7: 79330 | D7: 2537140 | E7: ABDELKARIM | G7: BELOUAFI | H7: 561945 | J7: 44266 | K7: 3.0 | L7: 2021-03-11T23:59:59.000Z | N7: GRUPO PREVING | O7: inperson | P7: 2021 | R7: selfpaced | S7: [567953, 567954, 567955] | U7: 79330 | V7: 2021-03-11T00:00:00.000Z | W7: active | X7: FALSO | Y7: 54608 | Z7: 51811 | AA7: 0 | AC7: 44266 | AD7: 0 | AE7: 2021 | AF7: 0 | AG7: 44266 | AH7: 0 | AI7: 54608 | AJ7: 51811 | AK7: 2529034 | AL7: FALSO | AM7: [] | AN7: 105 | AO7: 309418 | AP7: [] | AQ7: 0 | AR7: 0 | AS7: 2025-04-01T07:25:07.091Z | AU7: VERDADERO | AV7: MEGARA SOCIEDAD DE PREVENCIÓN DE MUTUA E | AW7: FALSO | AX7: PANTALLAS DE VISUALIZACIÓN DE DATOS | BA7: active | BB7: FALSO | BC7: 0 | BD7: 0 | BE7: 0 | BF7: 0 | BG7: 4 | BH7: 0 | BI7: 0 | BJ7: 0 | BK7: 0 | BL7: notstarted | BM7: 51811 | BN7: 2025-04-02T14:00:20.208Z | BP7: 2007
A8: 2497095__79330 | B8: 2497095 | C8: 79330 | D8: 2537143 | E8: Francisco | G8: Martin Sabariego | H8: 561946 | J8: 44266 | K8: 3.0 | L8: 2021-03-11T23:59:59.000Z | N8: GRUPO PREVING | O8: inperson | P8: 2021 | R8: selfpaced | S8: [567953, 567954, 567955] | U8: 79330 | V8: 2021-03-11T00:00:00.000Z | W8: active | X8: FALSO | Y8: 54608 | Z8: 51811 | AA8: 0 | AC8: 44266 | AD8: 0 | AE8: 2021 | AF8: 0 | AG8: 44266 | AH8: 0 | AI8: 54608 | AJ8: 51811 | AK8: 2529034 | AL8: FALSO | AM8: [] | AN8: 105 | AO8: 309418 | AP8: [] | AQ8: 0 | AR8: 0 | AS8: 2025-04-01T07:25:07.091Z | AU8: VERDADERO | AV8: MEGARA SOCIEDAD DE PREVENCIÓN DE MUTUA E | AW8: FALSO | AX8: PANTALLAS DE VISUALIZACIÓN DE DATOS | BA8: active | BB8: FALSO | BC8: 0 | BD8: 0 | BE8: 0 | BF8: 0 | BG8: 4 | BH8: 0 | BI8: 0 | BJ8: 0 | BK8: 0 | BL8: notstarted | BM8: 51811 | BN8: 2025-04-02T14:00:20.208Z | BP8: 2007
A9: 2497096__79330 | B9: 2497096 | C9: 79330 | D9: 2537144 | E9: Queralt | G9: Pich Oliveras | H9: 561947 | J9: 44266 | K9: 3.0 | L9: 2021-03-11T23:59:59.000Z | N9: GRUPO PREVING | O9: inperson | P9: 2021 | R9: selfpaced | S9: [567953, 567954, 567955] | U9: 79330 | V9: 2021-03-11T00:00:00.000Z | W9: active | X9: FALSO | Y9: 54608 | Z9: 51811 | AA9: 0 | AC9: 44266 | AD9: 0 | AE9: 2021 | AF9: 0 | AG9: 44266 | AH9: 0 | AI9: 54608 | AJ9: 51811 | AK9: 2529034 | AL9: FALSO | AM9: [] | AN9: 105 | AO9: 309418 | AP9: [] | AQ9: 0 | AR9: 0 | AS9: 2025-04-01T07:25:07.091Z | AU9: VERDADERO | AV9: MEGARA SOCIEDAD DE PREVENCIÓN DE MUTUA E | AW9: FALSO | AX9: PANTALLAS DE VISUALIZACIÓN DE DATOS | BA9: active | BB9: FALSO | BC9: 0 | BD9: 0 | BE9: 0 | BF9: 0 | BG9: 4 | BH9: 0 | BI9: 0 | BJ9: 0 | BK9: 0 | BL9: notstarted | BM9: 51811 | BN9: 2025-04-02T14:00:20.208Z | BP9: 2007
A10: 2497090__79331 | B10: 2497090 | C10: 79331 | D10: 2537138 | E10: Immaculada | G10: Rodriguez Molino | H10: 561948 | J10: 39408 | K10: 8.0 | L10: 2007-11-22T23:59:59.000Z | N10: ASOCIACIÓN DE QUÍMICOS E INGENIEROS | O10: inperson | P10: 2007 | R10: selfpaced | S10: [567956] | U10: 79331 | V10: 2007-11-22T00:00:00.000Z | W10: active | X10: FALSO | Y10: 54609 | Z10: 51812 | AA10: 150 | AC10: 39408 | AD10: 0 | AE10: 2007 | AF10: 0 | AG10: 39408 | AH10: 150 | AI10: 54609 | AJ10: 51812 | AK10: 2529034 | AL10: FALSO | AM10: [] | AN10: 100 | AO10: 309418 | AP10: [] | AQ10: 0 | AR10: 0 | AS10: 2025-04-01T07:25:07.389Z | AU10: VERDADERO | AV10: ASOCIACIÓN DE QUÍMICOS E INGENIEROS | AW10: FALSO | AX10: XI FOOD STUDIES MEETING ON HEALTH AND CHEMISTRY | BA10: active | BB10: FALSO | BC10: 0 | BD10: 0 | BE10: 0 | BF10: 0 | BG10: 1 | BH10: 150 | BI10: 0 | BJ10: 0 | BK10: 150 | BL10: notstarted | BM10: 51812 | BN10: 2025-04-02T14:00:20.604Z | BP10: 2007
A11: 2497090__79332 | B11: 2497090 | C11: 79332 | D11: 2537138 | E11: Immaculada | G11: Rodriguez Molino | H11: 561949 | J11: 39164 | K11: 0.0 | L11: 2007-03-23T23:59:59.000Z | N11: AGÈNCIA CATALANA DE SEGUETAT ALIMENTARIA | O11: inperson | P11: 2007 | R11: selfpaced | S11: [567957] | U11: 79332 | V11: 2007-03-23T00:00:00.000Z | W11: active | X11: FALSO | Y11: 54610 | Z11: 51813 | AA11: 0 | AC11: 39164 | AD11: 0 | AE11: 2007 | AF11: 0 | AG11: 39164 | AH11: 0 | AI11: 54610 | AJ11: 51813 | AK11: 2529034 | AL11: FALSO | AM11: [] | AN11: 92 | AO11: 309418 | AP11: [] | AQ11: 0 | AR11: 0 | AS11: 2025-04-01T07:25:07.757Z | AU11: VERDADERO | AV11: AGÈNCIA CATALANA DE SEGUETAT ALIMENTARIA | AW11: FALSO | AX11: EL REGLAMENT DE DECLARACIONS NUTRICIONALS I DE PROPIETATS SALUDABLES EN ELS ALIM | BA11: active | BB11: FALSO | BC11: 0 | BD11: 0 | BE11: 0 | BF11: 0 | BG11: 1 | BH11: 0 | BI11: 0 | BJ11: 0 | BK11: 0 | BL11: notstarted | BM11: 51813 | BN11: 2025-04-02T14:00:20.960Z | BP11: 2007
A12: 2497090__79333 | B12: 2497090 | C12: 79333 | D12: 2537138 | E12: Immaculada | G12: Rodriguez Molino | H12: 561950 | J12: 39748 | K12: 4.0 | L12: 2008-10-27T23:59:59.000Z | N12: EGARSAT | O12: inperson | P12: 2008 | R12: selfpaced | S12: [567958] | U12: 79333 | V12: 2008-10-27T00:00:00.000Z | W12: active | X12: FALSO | Y12: 54611 | Z12: 51814 | AA12: 0 | AC12: 39748 | AD12: 0 | AE12: 2008 | AF12: 0 | AG12: 39748 | AH12: 0 | AI12: 54611 | AJ12: 51814 | AK12: 2529034 | AL12: FALSO | AM12: [] | AN12: 159 | AO12: 309418 | AP12: [] | AQ12: 0 | AR12: 0 | AS12: 2025-04-01T07:25:08.056Z | AU12: VERDADERO | AV12: EGARSAT | AW12: FALSO | AX12: CONÈIXEMENTS BÀSICS DE SOCORRISME I PRIMERS AUXILIS | BA12: active | BB12: FALSO | BC12: 0 | BD12: 0 | BE12: 0 | BF12: 0 | BG12: 1 | BH12: 0 | BI12: 0 | BJ12: 0 | BK12: 0 | BL12: notstarted | BM12: 51814 | BN12: 2025-04-02T14:00:21.248Z | BP12: 2008
A13: 2497092__79334 | B13: 2497092 | C13: 79334 | D13: 2537140 | E13: ABDELKARIM | G13: BELOUAFI | H13: 561951 | J13: 39770 | K13: 2.0 | L13: 2008-11-18T23:59:59.000Z | N13: EGARSAT | O13: inperson | P13: 2008 | R13: selfpaced | S13: [567959, 567960] | U13: 79334 | V13: 2008-11-18T00:00:00.000Z | W13: active | X13: FALSO | Y13: 54612 | Z13: 51816 | AA13: 0 | AC13: 39770 | AD13: 0 | AE13: 2008 | AF13: 0 | AG13: 39770 | AH13: 0 | AI13: 54612 | AJ13: 51816 | AK13: 2529034 | AL13: FALSO | AM13: [] | AN13: 185 | AO13: 309418 | AP13: [] | AQ13: 0 | AR13: 0 | AS13: 2025-04-01T07:25:08.793Z | AU13: VERDADERO | AV13: EGARSAT | AW13: FALSO | AX13: FORMACIÓ PELS EQUIPS DE PRIMERA INTERVENCIÓ: PREVENCIÓ, EXTINCIÓ I EVACUACIÓ | BA13: active | BB13: FALSO | BC13: 0 | BD13: 0 | BE13: 0 | BF13: 0 | BG13: 2 | BH13: 0 | BI13: 0 | BJ13: 0 | BK13: 0 | BL13: notstarted | BM13: 51816 | BN13: 2025-04-02T14:00:21.588Z | BP13: 2008
A14: 2497093__79334 | B14: 2497093 | C14: 79334 | D14: 2537141 | E14: Fernando J | G14: Urbano Delgado | H14: 561952 | J14: 39770 | K14: 2.0 | L14: 2008-11-18T23:59:59.000Z | N14: EGARSAT | O14: inperson | P14: 2008 | R14: selfpaced | S14: [567959, 567960] | U14: 79334 | V14: 2008-11-18T00:00:00.000Z | W14: active | X14: FALSO | Y14: 54612 | Z14: 51816 | AA14: 0 | AC14: 39770 | AD14: 0 | AE14: 2008 | AF14: 0 | AG14: 39770 | AH14: 0 | AI14: 54612 | AJ14: 51816 | AK14: 2529034 | AL14: FALSO | AM14: [] | AN14: 185 | AO14: 309418 | AP14: [] | AQ14: 0 | AR14: 0 | AS14: 2025-04-01T07:25:08.793Z | AU14: VERDADERO | AV14: EGARSAT | AW14: FALSO | AX14: FORMACIÓ PELS EQUIPS DE PRIMERA INTERVENCIÓ: PREVENCIÓ, EXTINCIÓ I EVACUACIÓ | BA14: active | BB14: FALSO | BC14: 0 | BD14: 0 | BE14: 0 | BF14: 0 | BG14: 2 | BH14: 0 | BI14: 0 | BJ14: 0 | BK14: 0 | BL14: notstarted | BM14: 51816 | BN14: 2025-04-02T14:00:21.588Z | BP14: 2008
... A23: 2497090__79342 | B23: 2497090 | C23: 79342 | D23: 2537138 | E23: Immaculada | G23: Rodriguez Molino | H23: 561961 | J23: 42663 | K23: 13.0 | L23: 2016-10-20T23:59:59.000Z | N23: ASOCIACIÓN ESPAÑOLA DE TÉCNICOS CEREALIS | O23: inperson | P23: 2016 | R23: selfpaced | S23: [567969] | U23: 79342 | V23: 2016-10-19T00:00:00.000Z | W23: active | X23: FALSO | Y23: 54620 | Z23: 51827 | AA23: 350 | AC23: 42663 | AD23: 0 | AE23: 2016 | AF23: 0 | AG23: 42662 | AH23: 0 | AI23: 54620 | AJ23: 51827 | AK23: 2529034 | AL23: FALSO | AM23: [] | AN23: 250 | AO23: 309418 | AP23: [] | AQ23: 0 | AR23: 0 | AS23: 2025-04-01T07:25:11.992Z | AU23: VERDADERO | AV23: ASOCIACION ESPAÑOLA DE TÉCNICOS CEREALIS | AW23: FALSO | AX23: JORNADAS TÉCNICAS DE LA AETC | BA23: active | BB23: FALSO | BC23: 0 | BD23: 0 | BE23: 0 | BF23: 0 | BG23: 1 | BH23: 350 | BI23: 0 | BJ23: 0 | BK23: 0 | BL23: notstarted | BM23: 51827 | BN23: 2025-04-02T14:00:24.418Z | BP23: 2010
A24: 2497092__79343 | B24: 2497092 | C24: 79343 | D24: 2537140 | E24: ABDELKARIM | G24: BELOUAFI | H24: 561962 | J24: 40667 | K24: 2.0 | L24: 2011-05-04T23:59:59.000Z | N24: EGARSAT | O24: inperson | P24: 2011 I | R24: selfpaced | S24: [567970] | U24: 79343 | V24: 2011-05-04T00:00:00.000Z | W24: active | X24: FALSO | Y24: 54621 | Z24: 51830 | AA24: 0 | AC24: 40667 | AD24: 0 | AE24: 2011 I | AF24: 0 | AG24: 40667 | AH24: 0 | AI24: 54621 | AJ24: 51830 | AK24: 2529034 | AL24: FALSO | AM24: [] | AN24: 221 | AO24: 309418 | AP24: [] | AQ24: 0 | AR24: 0 | AS24: 2025-04-01T07:25:13.029Z | AU24: VERDADERO | AV24: EGARSAT | AW24: FALSO | AX24: UTILIZACION DE LOS MEDIOS DE EXTINCION DE INCENDIOS (EXTINTORES Y BIES)-FORMACIO | BA24: active | BB24: FALSO | BC24: 0 | BD24: 0 | BE24: 0 | BF24: 0 | BG24: 2 | BH24: 0 | BI24: 0 | BJ24: 0 | BK24: 0 | BL24: notstarted | BM24: 51830 | BN24: 2025-04-02T14:00:25.033Z | BP24: 2009
A25: 2497093__79344 | B25: 2497093 | C25: 79344 | D25: 2537141 | E25: Fernando J | G25: Urbano Delgado | H25: 561963 | J25: 40681 | K25: 2.0 | L25: 2011-05-18T23:59:59.000Z | N25: EGARSAT | O25: inperson | P25: 2011 II | R25: selfpaced | S25: [567971] | U25: 79344 | V25: 2011-05-18T00:00:00.000Z | W25: active | X25: FALSO | Y25: 54622 | Z25: 51830 | AA25: 0 | AC25: 40681 | AD25: 0 | AE25: 2011 II | AF25: 0 | AG25: 40681 | AH25: 0 | AI25: 54622 | AJ25: 51830 | AK25: 2529034 | AL25: FALSO | AM25: [] | AN25: 221 | AO25: 309418 | AP25: [] | AQ25: 0 | AR25: 0 | AS25: 2025-04-01T07:25:13.029Z | AU25: VERDADERO | AV25: EGARSAT | AW25: FALSO | AX25: UTILIZACION DE LOS MEDIOS DE EXTINCION DE INCENDIOS (EXTINTORES Y BIES)-FORMACIO | BA25: active | BB25: FALSO | BC25: 0 | BD25: 0 | BE25: 0 | BF25: 0 | BG25: 2 | BH25: 0 | BI25: 0 | BJ25: 0 | BK25: 0 | BL25: notstarted | BM25: 51830 | BN25: 2025-04-02T14:00:25.033Z | BP25: 2009
A26: 2497092__79345 | B26: 2497092 | C26: 79345 | D26: 2537140 | E26: ABDELKARIM | G26: BELOUAFI | H26: 561964 | J26: 40667 | K26: 2.0 | L26: 2011-05-04T23:59:59.000Z | N26: EGARSAT | O26: inperson | P26: 2011 I | R26: selfpaced | S26: [567972] | U26: 79345 | V26: 2011-05-04T00:00:00.000Z | W26: active | X26: FALSO | Y26: 54623 | Z26: 51831 | AA26: 0 | AC26: 40667 | AD26: 0 | AE26: 2011 I | AF26: 0 | AG26: 40667 | AH26: 0 | AI26: 54623 | AJ26: 51831 | AK26: 2529034 | AL26: FALSO | AM26: [] | AN26: 158 | AO26: 309418 | AP26: [] | AQ26: 0 | AR26: 0 | AS26: 2025-04-01T07:25:13.355Z | AU26: VERDADERO | AV26: EGARSAT | AW26: FALSO | AX26: EQUIPOS DE EMERGENCIAS: PREVENCIÓN, EXTINCIÓN Y EVACUACION | BA26: active | BB26: FALSO | BC26: 0 | BD26: 0 | BE26: 0 | BF26: 0 | BG26: 2 | BH26: 0 | BI26: 0 | BJ26: 0 | BK26: 0 | BL26: notstarted | BM26: 51831 | BN26: 2025-04-02T14:00:25.360Z | BP26: 2011
A27: 2497093__79346 | B27: 2497093 | C27: 79346 | D27: 2537141 | E27: Fernando J | G27: Urbano Delgado | H27: 561965 | J27: 40681 | K27: 2.0 | L27: 2011-05-18T23:59:59.000Z | N27: EGARSAT | O27: inperson | P27: 2011 II | R27: selfpaced | S27: [567973] | U27: 79346 | V27: 2011-05-18T00:00:00.000Z | W27: active | X27: FALSO | Y27: 54624 | Z27: 51831 | AA27: 0 | AC27: 40681 | AD27: 0 | AE27: 2011 II | AF27: 0 | AG27: 40681 | AH27: 0 | AI27: 54624 | AJ27: 51831 | AK27: 2529034 | AL27: FALSO | AM27: [] | AN27: 158 | AO27: 309418 | AP27: [] | AQ27: 0 | AR27: 0 | AS27: 2025-04-01T07:25:13.355Z | AU27: VERDADERO | AV27: EGARSAT | AW27: FALSO | AX27: EQUIPOS DE EMERGENCIAS: PREVENCIÓN, EXTINCIÓN Y EVACUACION | BA27: active | BB27: FALSO | BC27: 0 | BD27: 0 | BE27: 0 | BF27: 0 | BG27: 2 | BH27: 0 | BI27: 0 | BJ27: 0 | BK27: 0 | BL27: notstarted | BM27: 51831 | BN27: 2025-04-02T14:00:25.360Z | BP27: 2011
A28: 2497090__79347 | B28: 2497090 | C28: 79347 | D28: 2537138 | E28: Immaculada | G28: Rodriguez Molino | H28: 561966 | J28: 41178 | K28: 1.0 | L28: 2012-09-26T23:59:59.000Z | N28: EGARSAT | O28: inperson | P28: 2012 | R28: selfpaced | S28: [567974] | U28: 79347 | V28: 2012-09-26T00:00:00.000Z | W28: active | X28: FALSO | Y28: 54625 | Z28: 51832 | AA28: 0 | AC28: 41178 | AD28: 0 | AE28: 2012 | AF28: 0 | AG28: 41178 | AH28: 0 | AI28: 54625 | AJ28: 51832 | AK28: 2529034 | AL28: FALSO | AM28: [] | AN28: 276 | AO28: 309418 | AP28: [] | AQ28: 0 | AR28: 0 | AS28: 2025-04-01T07:25:13.637Z | AU28: VERDADERO | AV28: EGARSAT | AW28: FALSO | AX28: EQUIPOS DE EMERGENCIA: PREVENCIÓN, EXTINCIÓN Y EVACUACIÓN | BA28: active | BB28: FALSO | BC28: 0 | BD28: 0 | BE28: 0 | BF28: 0 | BG28: 1 | BH28: 0 | BI28: 0 | BJ28: 0 | BK28: 0 | BL28: notstarted | BM28: 51832 | BN28: 2025-04-02T14:00:25.650Z | BP28: 2011
A29: 2497090__79348 | B29: 2497090 | C29: 79348 | D29: 2537138 | E29: Immaculada | G29: Rodriguez Molino | H29: 561967 | J29: 41178 | K29: 1.0 | L29: 2012-09-26T23:59:59.000Z | N29: EGARSAT | O29: inperson | P29: 2012 | R29: selfpaced | S29: [567975] | U29: 79348 | V29: 2012-09-26T00:00:00.000Z | W29: active | X29: FALSO | Y29: 54626 | Z29: 51840 | AA29: 0 | AC29: 41178 | AD29: 0 | AE29: 2012 | AF29: 0 | AG29: 41178 | AH29: 0 | AI29: 54626 | AJ29: 51840 | AK29: 2529034 | AL29: FALSO | AM29: [] | AN29: 274 | AO29: 309418 | AP29: [] | AQ29: 0 | AR29: 0 | AS29: 2025-04-01T07:25:16.114Z | AU29: VERDADERO | AV29: EGARSAT | AW29: FALSO | AX29: UTILIZACIÓN DE LOS MEDIOS DE EXTINCION (BIEs). FORMACIÓN PRÁCTICA | BA29: active | BB29: FALSO | BC29: 0 | BD29: 0 | BE29: 0 | BF29: 0 | BG29: 1 | BH29: 0 | BI29: 0 | BJ29: 0 | BK29: 0 | BL29: notstarted | BM29: 51840 | BN29: 2025-04-02T14:00:26.219Z | BP29: 2012
A30: 2497092__79349 | B30: 2497092 | C30: 79349 | D30: 2537140 | E30: ABDELKARIM | G30: BELOUAFI | H30: 561968 | J30: 41573 | K30: 8.0 | L30: 2013-10-26T23:59:59.000Z | N30: CAN PADRO | O30: inperson | P30: 2013 | R30: selfpaced | S30: [567976, 567977] | U30: 79349 | V30: 2013-10-26T00:00:00.000Z | W30: active | X30: FALSO | Y30: 54627 | Z30: 51842 | AA30: 868 | AC30: 41573 | AD30: 0 | AE30: 2013 | AF30: 0 | AG30: 41573 | AH30: 0 | AI30: 54627 | AJ30: 51842 | AK30: 2529034 | AL30: FALSO | AM30: [] | AN30: 8 | AO30: 309418 | AP30: [] | AQ30: 0 | AR30: 0 | AS30: 2025-04-01T07:25:16.646Z | AU30: VERDADERO | AV30: CAN PADRO | AW30: FALSO | AX30: CONTRA INCENDIOS - CAN PADRO | BA30: active | BB30: FALSO | BC30: 0 | BD30: 0 | BE30: 0 | BF30: 0 | BG30: 2 | BH30: 868 | BI30: 0 | BJ30: 0 | BK30: 0 | BL30: notstarted | BM30: 51842 | BN30: 2025-04-02T14:00:26.537Z | BP30: 2004
A31: 2497093__79349 | B31: 2497093 | C31: 79349 | D31: 2537141 | E31: Fernando J | G31: Urbano Delgado | H31: 561969 | J31: 41573 | K31: 8.0 | L31: 2013-10-26T23:59:59.000Z | N31: CAN PADRO | O31: inperson | P31: 2013 | R31: selfpaced | S31: [567976, 567977] | U31: 79349 | V31: 2013-10-26T00:00:00.000Z | W31: active | X31: FALSO | Y31: 54627 | Z31: 51842 | AA31: 868 | AC31: 41573 | AD31: 0 | AE31: 2013 | AF31: 0 | AG31: 41573 | AH31: 0 | AI31: 54627 | AJ31: 51842 | AK31: 2529034 | AL31: FALSO | AM31: [] | AN31: 8 | AO31: 309418 | AP31: [] | AQ31: 0 | AR31: 0 | AS31: 2025-04-01T07:25:16.646Z | AU31: VERDADERO | AV31: CAN PADRO | AW31: FALSO | AX31: CONTRA INCENDIOS - CAN PADRO | BA31: active | BB31: FALSO | BC31: 0 | BD31: 0 | BE31: 0 | BF31: 0 | BG31: 2 | BH31: 868 | BI31: 0 | BJ31: 0 | BK31: 0 | BL31: notstarted | BM31: 51842 | BN31: 2025-04-02T14:00:26.537Z | BP31: 2004
A32: 2497090__79350 | B32: 2497090 | C32: 79350 | D32: 2537138 | E32: Immaculada | G32: Rodriguez Molino | H32: 561970 | J32: 41627 | K32: 16.0 | L32: 2013-12-19T23:59:59.000Z | N32: 3OR SOLUTIONS,S .L. | O32: inperson | P32: 2013 | R32: selfpaced | S32: [567978] | U32: 79350 | V32: 2013-12-18T00:00:00.000Z | W32: active | X32: FALSO | Y32: 54628 | Z32: 51843 | AA32: 625 | AC32: 41627 | AD32: 0 | AE32: 2013 | AF32: 0 | AG32: 41626 | AH32: 625 | AI32: 54628 | AJ32: 51843 | AK32: 2529034 | AL32: FALSO | AM32: [] | AN32: 343 | AO32: 309418 | AP32: [] | AQ32: 0 | AR32: 0 | AS32: 2025-04-01T07:25:16.913Z | AU32: VERDADERO | AV32: 3OR SOLUTIONS,S .L. | AW32: FALSO | AX32: FORMACIÓN CT+ | BA32: active | BB32: FALSO | BC32: 0 | BD32: 0 | BE32: 0 | BF32: 0 | BG32: 1 | BH32: 625 | BI32: 0 | BJ32: 0 | BK32: 625 | BL32: notstarted | BM32: 51843 | BN32: 2025-04-02T14:00:26.800Z | BP32: 2013
A33: 2497090__79351 | B33: 2497090 | C33: 79351 | D33: 2537138 | E33: Immaculada | G33: Rodriguez Molino | H33: 561971 | J33: 41431 | K33: 16.0 | L33: 2013-06-06T23:59:59.000Z | N33: IQS | O33: inperson | P33: 2013 | R33: selfpaced | S33: [567979] | U33: 79351 | V33: 2013-06-05T00:00:00.000Z | W33: active | X33: FALSO | Y33: 54629 | Z33: 51844 | AA33: 200 | AC33: 41431 | AD33: 0 | AE33: 2013 | AF33: 0 | AG33: 41430 | AH33: 200 | AI33: 54629 | AJ33: 51844 | AK33: 2529034 | AL33: FALSO | AM33: [] | AN33: 322 | AO33: 309418 | AP33: [] | AQ33: 0 | AR33: 0 | AS33: 2025-04-01T07:25:17.172Z | AU33: VERDADERO | AV33: IQS | AW33: FALSO | AX33: BIET'13 | BA33: active | BB33: FALSO | BC33: 0 | BD33: 0 | BE33: 0 | BF33: 0 | BG33: 1 | BH33: 200 | BI33: 0 | BJ33: 0 | BK33: 200 | BL33: notstarted | BM33: 51844 | BN33: 2025-04-02T14:00:27.067Z | BP33: 2013
A34: 2497090__79352 | B34: 2497090 | C34: 79352 | D34: 2537138 | E34: Immaculada | G34: Rodriguez Molino | H34: 561972 | J34: 41765 | K34: 6.0 | L34: 2014-05-06T23:59:59.000Z | N34: AIQS | O34: inperson | P34: 2014 | R34: selfpaced | S34: [567980] | U34: 79352 | V34: 2014-05-06T00:00:00.000Z | W34: active | X34: FALSO | Y34: 54630 | Z34: 51845 | AA34: 60 | AC34: 41765 | AD34: 0 | AE34: 2014 | AF34: 0 | AG34: 41765 | AH34: 60 | AI34: 54630 | AJ34: 51845 | AK34: 2529034 | AL34: FALSO | AM34: [] | AN34: 366 | AO34: 309418 | AP34: [] | AQ34: 0 | AR34: 0 | AS34: 2025-04-01T07:25:17.534Z | AU34: VERDADERO | AV34: AIQS | AW34: FALSO | AX34: CLEAN LABEL ALGO MÁS QUE UNA ETIQUETA LIMPIA | BA34: active | BB34: FALSO | BC34: 0 | BD34: 0 | BE34: 0 | BF34: 0 | BG34: 1 | BH34: 60 | BI34: 0 | BJ34: 0 | BK34: 60 | BL34: notstarted | BM34: 51845 | BN34: 2025-04-02T14:00:27.503Z | BP34: 2014
A35: 2497090__79353 | B35: 2497090 | C35: 79353 | D35: 2537138 | E35: Immaculada | G35: Rodriguez Molino | H35: 561973 | J35: 42159 | K35: 16.0 | L35: 2015-06-04T23:59:59.000Z | N35: A IQS | O35: inperson | P35: 2015 | R35: selfpaced | S35: [567981] | U35: 79353 | V35: 2015-06-03T00:00:00.000Z | W35: active | X35: FALSO | Y35: 54631 | Z35: 51848 | AA35: 175 | AC35: 42159 | AD35: 0 | AE35: 2015 | AF35: 0 | AG35: 42158 | AH35: 175 | AI35: 54631 | AJ35: 51848 | AK35: 2529034 | AL35: FALSO | AM35: [] | AN35: 401 | AO35: 309418 | AP35: [] | AQ35: 0 | AR35: 0 | AS35: 2025-04-01T07:25:18.414Z | AU35: VERDADERO | AV35: A IQS | AW35: FALSO | AX35: BIET/15 EUROPEAN MEETING ON BAKING INGREDIENTS, ENZYMES, AND TECHNOLOGY | BA35: active | BB35: FALSO | BC35: 0 | BD35: 0 | BE35: 0 | BF35: 0 | BG35: 1 | BH35: 175 | BI35: 0 | BJ35: 0 | BK35: 175 | BL35: notstarted | BM35: 51848 | BN35: 2025-04-02T14:00:27.950Z | BP35: 2015
A36: 2497090__79354 | B36: 2497090 | C36: 79354 | D36: 2537138 | E36: Immaculada | G36: Rodriguez Molino | H36: 561974 | J36: 42360 | K36: 8.0 | L36: 2015-12-22T23:59:59.000Z | N36: LA LLIMONA | O36: inperson | P36: 2015 | R36: selfpaced | S36: [567982] | U36: 79354 | V36: 2015-12-22T00:00:00.000Z | W36: active | X36: FALSO | Y36: 54632 | Z36: 51850 | AA36: 495 | AC36: 42360 | AD36: 0 | AE36: 2015 | AF36: 0 | AG36: 42360 | AH36: 495 | AI36: 54632 | AJ36: 51850 | AK36: 2529034 | AL36: FALSO | AM36: [] | AN36: 421 | AO36: 309418 | AP36: [] | AQ36: 0 | AR36: 0 | AS36: 2025-04-01T07:25:19.620Z | AU36: VERDADERO | AV36: LA LLIMONA | AW36: FALSO | AX36: FORMACIÓ EN NOU GESTOR DE CONTINGUTS PÀGINA WEB | BA36: active | BB36: FALSO | BC36: 0 | BD36: 0 | BE36: 0 | BF36: 0 | BG36: 1 | BH36: 495 | BI36: 0 | BJ36: 0 | BK36: 495 | BL36: notstarted | BM36: 51850 | BN36: 2025-04-02T14:00:28.258Z | BP36: 2015
A37: 2497094__79355 | B37: 2497094 | C37: 79355 | D37: 2537142 | E37: Carlos | G37: Rocamora Valls | H37: 561975 | J37: 42300 | K37: 1.0 | L37: 2015-10-23T23:59:59.000Z | N37: FORMACIÓN INTERNA: VERÒNICA GARCIA | O37: inperson | P37: 2015 | R37: selfpaced | S37: [567983] | U37: 79355 | V37: 2015-10-23T00:00:00.000Z | W37: active | X37: FALSO | Y37: 54633 | Z37: 51852 | AA37: 0 | AC37: 42300 | AD37: 0 | AE37: 2015 | AF37: 0 | AG37: 42300 | AH37: 0 | AI37: 54633 | AJ37: 51852 | AK37: 2529034 | AL37: FALSO | AM37: [] | AN37: 443 | AO37: 309418 | AP37: [] | AQ37: 0 | AR37: 0 | AS37: 2025-04-01T07:25:20.245Z | AU37: FALSO | AW37: FALSO | AX37: FORMACIÓN ACOGIDA: PREVENCIÓN DE RIESGOS, MEDIO AMBIENTE Y SEGURIDAD ALIMENTARIA | BA37: active | BB37: FALSO | BC37: 0 | BD37: 0 | BE37: 0 | BF37: 0 | BG37: 1 | BH37: 0 | BI37: 0 | BJ37: 0 | BK37: 0 | BL37: notstarted | BM37: 51852 | BN37: 2025-04-02T14:00:28.531Z | BP37: 2015
A38: 2497090__79356 | B38: 2497090 | C38: 79356 | D38: 2537138 | E38: Immaculada | G38: Rodriguez Molino | H38: 561976 | J38: 42691 | K38: 7.0 | L38: 2016-11-17T23:59:59.000Z | N38: SILLIKER IBÉRICA S.A.U. | O38: inperson | P38: 2016 | R38: selfpaced | S38: [567984] | U38: 79356 | V38: 2016-11-17T00:00:00.000Z | W38: active | X38: FALSO | Y38: 54634 | Z38: 51853 | AA38: 904 | AC38: 42691 | AD38: 0 | AE38: 2016 | AF38: 0 | AG38: 42691 | AH38: 0 | AI38: 54634 | AJ38: 51853 | AK38: 2529034 | AL38: FALSO | AM38: [] | AN38: 455 | AO38: 309418 | AP38: [] | AQ38: 0 | AR38: 0 | AS38: 2025-04-01T07:25:20.507Z | AU38: VERDADERO | AV38: SILLIKER IBÉRICA S.A.U. | AW38: FALSO | AX38: LEGISLACIÓN ALIMENTARIA | BA38: active | BB38: FALSO | BC38: 0 | BD38: 0 | BE38: 0 | BF38: 0 | BG38: 1 | BH38: 904 | BI38: 0 | BJ38: 0 | BK38: 0 | BL38: notstarted | BM38: 51853 | BN38: 2025-04-02T14:00:28.808Z | BP38: 2016
A39: 2497090__79357 | B39: 2497090 | C39: 79357 | D39: 2537138 | E39: Immaculada | G39: Rodriguez Molino | H39: 561977 | J39: 42719 | K39: 2.0 | L39: 2016-12-15T23:59:59.000Z | N39: Intern: JOSÉ RAMOS | O39: inperson | P39: 2016 | R39: selfpaced | S39: [567985, 567986, 567987, 567988, 567989] | U39: 79357 | V39: 2016-12-15T00:00:00.000Z | W39: active | X39: FALSO | Y39: 54635 | Z39: 51855 | AA39: 0 | AC39: 42719 | AD39: 0 | AE39: 2016 | AF39: 0 | AG39: 42719 | AH39: 0 | AI39: 54635 | AJ39: 51855 | AK39: 2529034 | AL39: FALSO | AM39: [] | AN39: 51 | AO39: 309418 | AP39: [] | AQ39: 0 | AR39: 0 | AS39: 2025-04-01T07:25:21.048Z | AU39: FALSO | AW39: FALSO | AX39: PREVENCION DEL RIESGO MANIPULACION PRODUCTOS QUIMICOS PELIGROSOS | BA39: active | BB39: FALSO | BC39: 0 | BD39: 0 | BE39: 0 | BF39: 0 | BG39: 5 | BH39: 0 | BI39: 0 | BJ39: 0 | BK39: 0 | BL39: notstarted | BM39: 51855 | BN39: 2025-04-02T14:00:29.101Z | BP39: 2016
A40: 2497092__79357 | B40: 2497092 | C40: 79357 | D40: 2537140 | E40: ABDELKARIM | G40: BELOUAFI | H40: 561978 | J40: 42719 | K40: 2.0 | L40: 2016-12-15T23:59:59.000Z | N40: Intern: JOSÉ RAMOS | O40: inperson | P40: 2016 | R40: selfpaced | S40: [567985, 567986, 567987, 567988, 567989] | U40: 79357 | V40: 2016-12-15T00:00:00.000Z | W40: active | X40: FALSO | Y40: 54635 | Z40: 51855 | AA40: 0 | AC40: 42719 | AD40: 0 | AE40: 2016 | AF40: 0 | AG40: 42719 | AH40: 0 | AI40: 54635 | AJ40: 51855 | AK40: 2529034 | AL40: FALSO | AM40: [] | AN40: 51 | AO40: 309418 | AP40: [] | AQ40: 0 | AR40: 0 | AS40: 2025-04-01T07:25:21.048Z | AU40: FALSO | AW40: FALSO | AX40: PREVENCION DEL RIESGO MANIPULACION PRODUCTOS QUIMICOS PELIGROSOS | BA40: active | BB40: FALSO | BC40: 0 | BD40: 0 | BE40: 0 | BF40: 0 | BG40: 5 | BH40: 0 | BI40: 0 | BJ40: 0 | BK40: 0 | BL40: notstarted | BM40: 51855 | BN40: 2025-04-02T14:00:29.101Z | BP40: 2016
A41: 2497093__79357 | B41: 2497093 | C41: 79357 | D41: 2537141 | E41: Fernando J | G41: Urbano Delgado | H41: 561979 | J41: 42719 | K41: 2.0 | L41: 2016-12-15T23:59:59.000Z | N41: Intern: JOSÉ RAMOS | O41: inperson | P41: 2016 | R41: selfpaced | S41: [567985, 567986, 567987, 567988, 567989] | U41: 79357 | V41: 2016-12-15T00:00:00.000Z | W41: active | X41: FALSO | Y41: 54635 | Z41: 51855 | AA41: 0 | AC41: 42719 | AD41: 0 | AE41: 2016 | AF41: 0 | AG41: 42719 | AH41: 0 | AI41: 54635 | AJ41: 51855 | AK41: 2529034 | AL41: FALSO | AM41: [] | AN41: 51 | AO41: 309418 | AP41: [] | AQ41: 0 | AR41: 0 | AS41: 2025-04-01T07:25:21.048Z | AU41: FALSO | AW41: FALSO | AX41: PREVENCION DEL RIESGO MANIPULACION PRODUCTOS QUIMICOS PELIGROSOS | BA41: active | BB41: FALSO | BC41: 0 | BD41: 0 | BE41: 0 | BF41: 0 | BG41: 5 | BH41: 0 | BI41: 0 | BJ41: 0 | BK41: 0 | BL41: notstarted | BM41: 51855 | BN41: 2025-04-02T14:00:29.101Z | BP41: 2016
A42: 2497094__79357 | B42: 2497094 | C42: 79357 | D42: 2537142 | E42: Carlos | G42: Rocamora Valls | H42: 561980 | J42: 42719 | K42: 2.0 | L42: 2016-12-15T23:59:59.000Z | N42: Intern: JOSÉ RAMOS | O42: inperson | P42: 2016 | R42: selfpaced | S42: [567985, 567986, 567987, 567988, 567989] | U42: 79357 | V42: 2016-12-15T00:00:00.000Z | W42: active | X42: FALSO | Y42: 54635 | Z42: 51855 | AA42: 0 | AC42: 42719 | AD42: 0 | AE42: 2016 | AF42: 0 | AG42: 42719 | AH42: 0 | AI42: 54635 | AJ42: 51855 | AK42: 2529034 | AL42: FALSO | AM42: [] | AN42: 51 | AO42: 309418 | AP42: [] | AQ42: 0 | AR42: 0 | AS42: 2025-04-01T07:25:21.048Z | AU42: FALSO | AW42: FALSO | AX42: PREVENCION DEL RIESGO MANIPULACION PRODUCTOS QUIMICOS PELIGROSOS | BA42: active | BB42: FALSO | BC42: 0 | BD42: 0 | BE42: 0 | BF42: 0 | BG42: 5 | BH42: 0 | BI42: 0 | BJ42: 0 | BK42: 0 | BL42: notstarted | BM42: 51855 | BN42: 2025-04-02T14:00:29.101Z | BP42: 2016
A43: 2497095__79357 | B43: 2497095 | C43: 79357 | D43: 2537143 | E43: Francisco | G43: Martin Sabariego | H43: 561981 | J43: 42719 | K43: 2.0 | L43: 2016-12-15T23:59:59.000Z | N43: Intern: JOSÉ RAMOS | O43: inperson | P43: 2016 | R43: selfpaced | S43: [567985, 567986, 567987, 567988, 567989] | U43: 79357 | V43: 2016-12-15T00:00:00.000Z | W43: active | X43: FALSO | Y43: 54635 | Z43: 51855 | AA43: 0 | AC43: 42719 | AD43: 0 | AE43: 2016 | AF43: 0 | AG43: 42719 | AH43: 0 | AI43: 54635 | AJ43: 51855 | AK43: 2529034 | AL43: FALSO | AM43: [] | AN43: 51 | AO43: 309418 | AP43: [] | AQ43: 0 | AR43: 0 | AS43: 2025-04-01T07:25:21.048Z | AU43: FALSO | AW43: FALSO | AX43: PREVENCION DEL RIESGO MANIPULACION PRODUCTOS QUIMICOS PELIGROSOS | BA43: active | BB43: FALSO | BC43: 0 | BD43: 0 | BE43: 0 | BF43: 0 | BG43: 5 | BH43: 0 | BI43: 0 | BJ43: 0 | BK43: 0 | BL43: notstarted | BM43: 51855 | BN43: 2025-04-02T14:00:29.101Z | BP43: 2016
A44: 2497090__79358 | B44: 2497090 | C44: 79358 | D44: 2537138 | E44: Immaculada | G44: Rodriguez Molino | H44: 561982 | J44: 42894 | K44: 9.0 | L44: 2017-06-08T23:59:59.000Z | N44: IQS | O44: inperson | P44: 2017 | R44: selfpaced | S44: [567990, 567991] | U44: 79358 | V44: 2017-06-07T00:00:00.000Z | W44: active | X44: FALSO | Y44: 54636 | Z44: 51856 | AA44: 500 | AC44: 42894 | AD44: 0 | AE44: 2017 | AF44: 0 | AG44: 42893 | AH44: 0 | AI44: 54636 | AJ44: 51856 | AK44: 2529034 | AL44: FALSO | AM44: [] | AN44: 499 | AO44: 309418 | AP44: [] | AQ44: 0 | AR44: 0 | AS44: 2025-04-01T07:25:21.327Z | AU44: VERDADERO | AV44: IQS | AW44: FALSO | AX44: BIET'17 | BA44: active | BB44: FALSO | BC44: 0 | BD44: 0 | BE44: 0 | BF44: 0 | BG44: 2 | BH44: 500 | BI44: 0 | BJ44: 0 | BK44: 0 | BL44: notstarted | BM44: 51856 | BN44: 2025-04-02T14:00:29.383Z | BP44: 2017
A45: 2497094__79358 | B45: 2497094 | C45: 79358 | D45: 2537142 | E45: Carlos | G45: Rocamora Valls | H45: 561983 | J45: 42894 | K45: 9.0 | L45: 2017-06-08T23:59:59.000Z | N45: IQS | O45: inperson | P45: 2017 | R45: selfpaced | S45: [567990, 567991] | U45: 79358 | V45: 2017-06-07T00:00:00.000Z | W45: active | X45: FALSO | Y45: 54636 | Z45: 51856 | AA45: 500 | AC45: 42894 | AD45: 0 | AE45: 2017 | AF45: 0 | AG45: 42893 | AH45: 0 | AI45: 54636 | AJ45: 51856 | AK45: 2529034 | AL45: FALSO | AM45: [] | AN45: 499 | AO45: 309418 | AP45: [] | AQ45: 0 | AR45: 0 | AS45: 2025-04-01T07:25:21.327Z | AU45: VERDADERO | AV45: IQS | AW45: FALSO | AX45: BIET'17 | BA45: active | BB45: FALSO | BC45: 0 | BD45: 0 | BE45: 0 | BF45: 0 | BG45: 2 | BH45: 500 | BI45: 0 | BJ45: 0 | BK45: 0 | BL45: notstarted | BM45: 51856 | BN45: 2025-04-02T14:00:29.383Z | BP45: 2017
A46: 2497090__79359 | B46: 2497090 | C46: 79359 | D46: 2537138 | E46: Immaculada | G46: Rodriguez Molino | H46: 561984 | J46: 43005 | K46: 7.0 | L46: 2017-09-27T23:59:59.000Z | N46: SILLIKER IBÉRICA S.A.U. | O46: inperson | P46: 2017 | R46: selfpaced | S46: [567992] | U46: 79359 | V46: 2017-09-27T00:00:00.000Z | W46: active | X46: FALSO | Y46: 54637 | Z46: 51857 | AA46: 455 | AC46: 43005 | AD46: 0 | AE46: 2017 | AF46: 0 | AG46: 43005 | AH46: 455 | AI46: 54637 | AJ46: 51857 | AK46: 2529034 | AL46: FALSO | AM46: [] | AN46: 500 | AO46: 309418 | AP46: [] | AQ46: 0 | AR46: 0 | AS46: 2025-04-01T07:25:21.706Z | AU46: VERDADERO | AV46: SILLIKER IBÉRICA S.A.U. | AW46: FALSO | AX46: FOOD DEFENSE | BA46: active | BB46: FALSO | BC46: 0 | BD46: 0 | BE46: 0 | BF46: 0 | BG46: 1 | BH46: 455 | BI46: 0 | BJ46: 0 | BK46: 455 | BL46: notstarted | BM46: 51857 | BN46: 2025-04-02T14:00:29.695Z | BP46: 2017
A47: 2497090__79360 | B47: 2497090 | C47: 79360 | D47: 2537138 | E47: Immaculada | G47: Rodriguez Molino | H47: 561985 | J47: 43034 | K47: 4.0 | L47: 2017-10-26T23:59:59.000Z | N47: SILLIKER IBÉRICA, S.A.U. | O47: inperson | P47: 2017 | R47: selfpaced | S47: [567993, 567994] | U47: 79360 | V47: 2017-10-26T00:00:00.000Z | W47: active | X47: FALSO | Y47: 54638 | Z47: 51858 | AA47: 450 | AC47: 43034 | AD47: 0 | AE47: 2017 | AF47: 0 | AG47: 43034 | AH47: 450 | AI47: 54638 | AJ47: 51858 | AK47: 2529034 | AL47: FALSO | AM47: [] | AN47: 346 | AO47: 309418 | AP47: [] | AQ47: 0 | AR47: 0 | AS47: 2025-04-01T07:25:22.016Z | AU47: VERDADERO | AV47: SILLIKER IBÉRICA, S.A.U. | AW47: FALSO | AX47: FORMACIO APPCC | BA47: active | BB47: FALSO | BC47: 0 | BD47: 0 | BE47: 0 | BF47: 0 | BG47: 2 | BH47: 450 | BI47: 0 | BJ47: 0 | BK47: 450 | BL47: notstarted | BM47: 51858 | BN47: 2025-04-02T14:00:30.039Z | BP47: 2013
A48: 2497093__79360 | B48: 2497093 | C48: 79360 | D48: 2537141 | E48: Fernando J | G48: Urbano Delgado | H48: 561986 | J48: 43034 | K48: 4.0 | L48: 2017-10-26T23:59:59.000Z | N48: SILLIKER IBÉRICA, S.A.U. | O48: inperson | P48: 2017 | R48: selfpaced | S48: [567993, 567994] | U48: 79360 | V48: 2017-10-26T00:00:00.000Z | W48: active | X48: FALSO | Y48: 54638 | Z48: 51858 | AA48: 450 | AC48: 43034 | AD48: 0 | AE48: 2017 | AF48: 0 | AG48: 43034 | AH48: 450 | AI48: 54638 | AJ48: 51858 | AK48: 2529034 | AL48: FALSO | AM48: [] | AN48: 346 | AO48: 309418 | AP48: [] | AQ48: 0 | AR48: 0 | AS48: 2025-04-01T07:25:22.016Z | AU48: VERDADERO | AV48: SILLIKER IBÉRICA, S.A.U. | AW48: FALSO | AX48: FORMACIO APPCC | BA48: active | BB48: FALSO | BC48: 0 | BD48: 0 | BE48: 0 | BF48: 0 | BG48: 2 | BH48: 450 | BI48: 0 | BJ48: 0 | BK48: 450 | BL48: notstarted | BM48: 51858 | BN48: 2025-04-02T14:00:30.039Z | BP48: 2013
A49: 2497090__79361 | B49: 2497090 | C49: 79361 | D49: 2537138 | E49: Immaculada | G49: Rodriguez Molino | H49: 561987 | J49: 42832 | K49: 30.0 | L49: 2017-04-07T23:59:59.000Z | N49: LGAI | O49: inperson | P49: 2017 | R49: selfpaced | S49: [567995] | U49: 79361 | V49: 2017-03-06T00:00:00.000Z | W49: active | X49: FALSO | Y49: 54639 | Z49: 51859 | AA49: 170 | AC49: 42832 | AD49: 0 | AE49: 2017 | AF49: 0 | AG49: 42800 | AH49: 0 | AI49: 54639 | AJ49: 51859 | AK49: 2529034 | AL49: FALSO | AM49: [] | AN49: 493 | AO49: 309418 | AP49: [] | AQ49: 0 | AR49: 0 | AS49: 2025-04-01T07:25:22.345Z | AU49: VERDADERO | AV49: LGAI | AW49: FALSO | AX49: AUDITOR INTERNO BRC FOOD-07 | BA49: active | BB49: FALSO | BC49: 0 | BD49: 0 | BE49: 0 | BF49: 0 | BG49: 1 | BH49: 170 | BI49: 0 | BJ49: 0 | BK49: 0 | BL49: notstarted | BM49: 51859 | BN49: 2025-04-02T14:00:30.307Z | BP49: 2017
A50: 2497095__79362 | B50: 2497095 | C50: 79362 | D50: 2537143 | E50: Francisco | G50: Martin Sabariego | H50: 561988 | J50: 43637 | K50: 50.0 | L50: 2019-06-21T23:59:59.000Z | N50: EXCELENCIA Y GARANTIA PARA LA SALUD | O50: inperson | P50: 2019 | R50: selfpaced | S50: [567996] | U50: 79362 | V50: 2019-05-21T00:00:00.000Z | W50: active | X50: FALSO | Y50: 54640 | Z50: 51860 | AA50: 250 | AC50: 43637 | AD50: 0 | AE50: 2019 | AF50: 0 | AG50: 43606 | AH50: 250 | AI50: 54640 | AJ50: 51860 | AK50: 2529034 | AL50: FALSO | AM50: [] | AN50: 150 | AO50: 309418 | AP50: [] | AQ50: 0 | AR50: 0 | AS50: 2025-04-01T07:25:22.633Z | AU50: VERDADERO | AV50: EXCELENCIA Y GARANTIA PARA LA SALUD | AW50: FALSO | AX50: PREVENCION RIESGOS LABORALES Nivel Básico | BA50: active | BB50: FALSO | BC50: 0 | BD50: 0 | BE50: 0 | BF50: 0 | BG50: 1 | BH50: 250 | BI50: 0 | BJ50: 0 | BK50: 250 | BL50: notstarted | BM50: 51860 | BN50: 2025-04-02T14:00:30.659Z | BP50: 2018
A51: 2497094__79363 | B51: 2497094 | C51: 79363 | D51: 2537142 | E51: Carlos | G51: Rocamora Valls | H51: 561989 | J51: 43600 | K51: 8.0 | L51: 2019-05-15T23:59:59.000Z | N51: FUNDACIÓ GREMI DE FLEQUERS | O51: inperson | P51: 2019 | R51: selfpaced | S51: [567997] | U51: 79363 | V51: 2019-05-14T00:00:00.000Z | W51: active | X51: FALSO | Y51: 54641 | Z51: 51861 | AA51: 140 | AC51: 43600 | AD51: 0 | AE51: 2019 | AF51: 0 | AG51: 43599 | AH51: 0 | AI51: 54641 | AJ51: 51861 | AK51: 2529034 | AL51: FALSO | AM51: [] | AN51: 571 | AO51: 309418 | AP51: [] | AQ51: 0 | AR51: 0 | AS51: 2025-04-01T07:25:22.967Z | AU51: VERDADERO | AV51: FUNDACIÓ GREMI DE FLEQUERS | AW51: FALSO | AX51: TECNOLOGIA DEL FRIO EN PANADERIA ARTESANA | BA51: active | BB51: FALSO | BC51: 0 | BD51: 0 | BE51: 0 | BF51: 0 | BG51: 1 | BH51: 140 | BI51: 0 | BJ51: 0 | BK51: 0 | BL51: notstarted | BM51: 51861 | BN51: 2025-04-02T14:00:30.923Z | BP51: 2019
A52: 2497090__79364 | B52: 2497090 | C52: 79364 | D52: 2537138 | E52: Immaculada | G52: Rodriguez Molino | H52: 561990 | J52: 43622 | K52: 16.0 | L52: 2019-06-06T23:59:59.000Z | N52: BIET'19 | O52: inperson | P52: 2019 | R52: selfpaced | S52: [567998] | U52: 79364 | V52: 2019-06-05T00:00:00.000Z | W52: active | X52: FALSO | Y52: 54642 | Z52: 51862 | AA52: 250 | AC52: 43622 | AD52: 0 | AE52: 2019 | AF52: 0 | AG52: 43621 | AH52: 0 | AI52: 54642 | AJ52: 51862 | AK52: 2529034 | AL52: FALSO | AM52: [] | AN52: 572 | AO52: 309418 | AP52: [] | AQ52: 0 | AR52: 0 | AS52: 2025-04-01T07:25:23.328Z | AU52: VERDADERO | AV52: BIET'19 | AW52: FALSO | AX52: EUROPEAN MEETING ON BAKING INGREDIENTS, ENZYMES, AND TECHNOLOGY | BA52: active | BB52: FALSO | BC52: 0 | BD52: 0 | BE52: 0 | BF52: 0 | BG52: 1 | BH52: 250 | BI52: 0 | BJ52: 0 | BK52: 0 | BL52: notstarted | BM52: 51862 | BN52: 2025-04-02T14:00:31.200Z | BP52: 2019
A53: 2497090__79365 | B53: 2497090 | C53: 79365 | D53: 2537138 | E53: Immaculada | G53: Rodriguez Molino | H53: 561991 | J53: 43473 | K53: 4.0 | L53: 2019-01-08T23:59:59.000Z | N53: SILLIKER IBERICA SAU | O53: inperson | P53: 2019 | R53: selfpaced | S53: [567999] | U53: 79365 | V53: 2019-01-08T00:00:00.000Z | W53: active | X53: FALSO | Y53: 54643 | Z53: 51863 | AA53: 140 | AC53: 43473 | AD53: 0 | AE53: 2019 | AF53: 0 | AG53: 43473 | AH53: 140 | AI53: 54643 | AJ53: 51863 | AK53: 2529034 | AL53: FALSO | AM53: [] | AN53: 548 | AO53: 309418 | AP53: [] | AQ53: 0 | AR53: 0 | AS53: 2025-04-01T07:25:23.601Z | AU53: VERDADERO | AV53: SILLIKER IBERICA SAU | AW53: FALSO | AX53: BRC VERSIÓN 8 PRINCIPALES CAMBIOS Y CÓMO PROCEDER A SU IMPLANTACIÓNN | BA53: active | BB53: FALSO | BC53: 0 | BD53: 0 | BE53: 0 | BF53: 0 | BG53: 1 | BH53: 140 | BI53: 0 | BJ53: 0 | BK53: 140 | BL53: notstarted | BM53: 51863 | BN53: 2025-04-02T14:00:31.528Z | BP53: 2019
A54: 2497090__79366 | B54: 2497090 | C54: 79366 | D54: 2537138 | E54: Immaculada | G54: Rodriguez Molino | H54: 561992 | J54: 43741 | K54: 1.0 | L54: 2019-10-03T23:59:59.000Z | N54: SILLIKER IBERICA | O54: inperson | P54: 2019 | R54: selfpaced | S54: [568000] | U54: 79366 | V54: 2019-10-03T00:00:00.000Z | W54: active | X54: FALSO | Y54: 54644 | Z54: 51864 | AA54: 0 | AC54: 43741 | AD54: 0 | AE54: 2019 | AF54: 0 | AG54: 43741 | AH54: 0 | AI54: 54644 | AJ54: 51864 | AK54: 2529034 | AL54: FALSO | AM54: [] | AN54: 624 | AO54: 309418 | AP54: [] | AQ54: 0 | AR54: 0 | AS54: 2025-04-01T07:25:23.939Z | AU54: VERDADERO | AV54: SILLIKER IBERICA | AW54: FALSO | AX54: SEGUIMIENTO DE FRAUDE Y ALERTAS ALIMENTARIAS A NIVEL MUNDIAL EN TIEMPO REAL | BA54: active | BB54: FALSO | BC54: 0 | BD54: 0 | BE54: 0 | BF54: 0 | BG54: 1 | BH54: 0 | BI54: 0 | BJ54: 0 | BK54: 0 | BL54: notstarted | BM54: 51864 | BN54: 2025-04-02T14:00:31.819Z | BP54: 2019
A55: 2497096__79367 | B55: 2497096 | C55: 79367 | D55: 2537144 | E55: Queralt | G55: Pich Oliveras | H55: 561993 | J55: 43738 | K55: 45781 | L55: 2019-09-30T23:59:59.000Z | N55: PRODECA - PROMOTORA DELS ALIMENTS CATALA | O55: inperson | P55: 2019 | R55: selfpaced | S55: [568001] | U55: 79367 | V55: 2019-09-30T00:00:00.000Z | W55: active | X55: FALSO | Y55: 54645 | Z55: 51865 | AA55: 0 | AC55: 43738 | AD55: 0 | AE55: 2019 | AF55: 0 | AG55: 43738 | AH55: 0 | AI55: 54645 | AJ55: 51865 | AK55: 2529034 | AL55: FALSO | AM55: [] | AN55: 630 | AO55: 309418 | AP55: [] | AQ55: 0 | AR55: 0 | AS55: 2025-04-01T07:25:24.227Z | AU55: VERDADERO | AV55: PRODECA - PROMOTORA DELS ALIMENTS CATALA | AW55: FALSO | AX55: INCOTERMS 2020 | BA55: active | BB55: FALSO | BC55: 0 | BD55: 0 | BE55: 0 | BF55: 0 | BG55: 1 | BH55: 0 | BI55: 0 | BJ55: 0 | BK55: 0 | BL55: notstarted | BM55: 51865 | BN55: 2025-04-02T14:00:32.279Z | BP55: 2019
A56: 2497092__79368 | B56: 2497092 | C56: 79368 | D56: 2537140 | E56: ABDELKARIM | G56: BELOUAFI | H56: 561994 | J56: 43861 | K56: 1.0 | L56: 2020-01-31T23:59:59.000Z | N56: EGARSAT - JOSE MIGUEL ORDAS TERRONES | O56: inperson | P56: 2020 | R56: selfpaced | S56: [568002, 568003, 568004] | U56: 79368 | V56: 2020-01-31T00:00:00.000Z | W56: active | X56: FALSO | Y56: 54646 | Z56: 51866 | AA56: 0 | AC56: 43861 | AD56: 0 | AE56: 2020 | AF56: 0 | AG56: 43861 | AH56: 0 | AI56: 54646 | AJ56: 51866 | AK56: 2529034 | AL56: FALSO | AM56: [] | AN56: 295 | AO56: 309418 | AP56: [] | AQ56: 0 | AR56: 0 | AS56: 2025-04-01T07:25:24.496Z | AU56: VERDADERO | AV56: EGARSAT - JOSE MIGUEL ORDAS TERRONES | AW56: FALSO | AX56: ATMÓSFERAS EXPLOSIVAS: NORMTIVA BÁSICA, CONCEPTOS BÁSICOS SOBRE EXPLOSIONES.... | BA56: active | BB56: FALSO | BC56: 0 | BD56: 0 | BE56: 0 | BF56: 0 | BG56: 3 | BH56: 0 | BI56: 0 | BJ56: 0 | BK56: 0 | BL56: notstarted | BM56: 51866 | BN56: 2025-04-02T14:00:32.597Z | BP56: 2020
A57: 2497093__79368 | B57: 2497093 | C57: 79368 | D57: 2537141 | E57: Fernando J | G57: Urbano Delgado | H57: 561995 | J57: 43861 | K57: 1.0 | L57: 2020-01-31T23:59:59.000Z | N57: EGARSAT - JOSE MIGUEL ORDAS TERRONES | O57: inperson | P57: 2020 | R57: selfpaced | S57: [568002, 568003, 568004] | U57: 79368 | V57: 2020-01-31T00:00:00.000Z | W57: active | X57: FALSO | Y57: 54646 | Z57: 51866 | AA57: 0 | AC57: 43861 | AD57: 0 | AE57: 2020 | AF57: 0 | AG57: 43861 | AH57: 0 | AI57: 54646 | AJ57: 51866 | AK57: 2529034 | AL57: FALSO | AM57: [] | AN57: 295 | AO57: 309418 | AP57: [] | AQ57: 0 | AR57: 0 | AS57: 2025-04-01T07:25:24.496Z | AU57: VERDADERO | AV57: EGARSAT - JOSE MIGUEL ORDAS TERRONES | AW57: FALSO | AX57: ATMÓSFERAS EXPLOSIVAS: NORMTIVA BÁSICA, CONCEPTOS BÁSICOS SOBRE EXPLOSIONES.... | BA57: active | BB57: FALSO | BC57: 0 | BD57: 0 | BE57: 0 | BF57: 0 | BG57: 3 | BH57: 0 | BI57: 0 | BJ57: 0 | BK57: 0 | BL57: notstarted | BM57: 51866 | BN57: 2025-04-02T14:00:32.597Z | BP57: 2020
A58: 2497095__79368 | B58: 2497095 | C58: 79368 | D58: 2537143 | E58: Francisco | G58: Martin Sabariego | H58: 561996 | J58: 43861 | K58: 1.0 | L58: 2020-01-31T23:59:59.000Z | N58: EGARSAT - JOSE MIGUEL ORDAS TERRONES | O58: inperson | P58: 2020 | R58: selfpaced | S58: [568002, 568003, 568004] | U58: 79368 | V58: 2020-01-31T00:00:00.000Z | W58: active | X58: FALSO | Y58: 54646 | Z58: 51866 | AA58: 0 | AC58: 43861 | AD58: 0 | AE58: 2020 | AF58: 0 | AG58: 43861 | AH58: 0 | AI58: 54646 | AJ58: 51866 | AK58: 2529034 | AL58: FALSO | AM58: [] | AN58: 295 | AO58: 309418 | AP58: [] | AQ58: 0 | AR58: 0 | AS58: 2025-04-01T07:25:24.496Z | AU58: VERDADERO | AV58: EGARSAT - JOSE MIGUEL ORDAS TERRONES | AW58: FALSO | AX58: ATMÓSFERAS EXPLOSIVAS: NORMTIVA BÁSICA, CONCEPTOS BÁSICOS SOBRE EXPLOSIONES.... | BA58: active | BB58: FALSO | BC58: 0 | BD58: 0 | BE58: 0 | BF58: 0 | BG58: 3 | BH58: 0 | BI58: 0 | BJ58: 0 | BK58: 0 | BL58: notstarted | BM58: 51866 | BN58: 2025-04-02T14:00:32.597Z | BP58: 2020
A59: 2497090__79369 | B59: 2497090 | C59: 79369 | D59: 2537138 | E59: Immaculada | G59: Rodriguez Molino | H59: 561997 | J59: 43880 | K59: 5.0 | L59: 2020-02-19T23:59:59.000Z | N59: SILLIKER IBÉRICA S.A.U. | O59: inperson | P59: 2020 | R59: selfpaced | S59: [568005, 568006] | U59: 79369 | V59: 2020-02-19T00:00:00.000Z | W59: active | X59: FALSO | Y59: 54647 | Z59: 51867 | AA59: 0 | AC59: 43880 | AD59: 0 | AE59: 2020 | AF59: 0 | AG59: 43880 | AH59: 0 | AI59: 54647 | AJ59: 51867 | AK59: 2529034 | AL59: FALSO | AM59: [] | AN59: 653 | AO59: 309418 | AP59: [] | AQ59: 0 | AR59: 0 | AS59: 2025-04-01T07:25:24.794Z | AU59: VERDADERO | AV59: SILLIKER IBÉRICA S.A.U. | AW59: FALSO | AX59: ETIQUETADO ALIMENTARIO | BA59: active | BB59: FALSO | BC59: 0 | BD59: 0 | BE59: 0 | BF59: 0 | BG59: 2 | BH59: 0 | BI59: 0 | BJ59: 0 | BK59: 0 | BL59: notstarted | BM59: 51867 | BN59: 2025-04-02T14:00:32.965Z | BP59: 2020
A60: 2497095__79369 | B60: 2497095 | C60: 79369 | D60: 2537143 | E60: Francisco | G60: Martin Sabariego | H60: 561998 | J60: 43880 | K60: 5.0 | L60: 2020-02-19T23:59:59.000Z | N60: SILLIKER IBÉRICA S.A.U. | O60: inperson | P60: 2020 | R60: selfpaced | S60: [568005, 568006] | U60: 79369 | V60: 2020-02-19T00:00:00.000Z | W60: active | X60: FALSO | Y60: 54647 | Z60: 51867 | AA60: 0 | AC60: 43880 | AD60: 0 | AE60: 2020 | AF60: 0 | AG60: 43880 | AH60: 0 | AI60: 54647 | AJ60: 51867 | AK60: 2529034 | AL60: FALSO | AM60: [] | AN60: 653 | AO60: 309418 | AP60: [] | AQ60: 0 | AR60: 0 | AS60: 2025-04-01T07:25:24.794Z | AU60: VERDADERO | AV60: SILLIKER IBÉRICA S.A.U. | AW60: FALSO | AX60: ETIQUETADO ALIMENTARIO | BA60: active | BB60: FALSO | BC60: 0 | BD60: 0 | BE60: 0 | BF60: 0 | BG60: 2 | BH60: 0 | BI60: 0 | BJ60: 0 | BK60: 0 | BL60: notstarted | BM60: 51867 | BN60: 2025-04-02T14:00:32.965Z | BP60: 2020
A61: 2497092__79370 | B61: 2497092 | C61: 79370 | D61: 2537140 | E61: ABDELKARIM | G61: BELOUAFI | H61: 561999 | J61: 44264 | K61: 3.0 | L61: 2021-03-09T23:59:59.000Z | N61: GRUPO PREVING | O61: inperson | P61: 2021 | R61: selfpaced | S61: [568007, 568008, 568009] | U61: 79370 | V61: 2021-03-09T00:00:00.000Z | W61: active | X61: FALSO | Y61: 54648 | Z61: 51868 | AA61: 0 | AC61: 44264 | AD61: 0 | AE61: 2021 | AF61: 0 | AG61: 44264 | AH61: 0 | AI61: 54648 | AJ61: 51868 | AK61: 2529034 | AL61: FALSO | AM61: [] | AN61: 617 | AO61: 309418 | AP61: [] | AQ61: 0 | AR61: 0 | AS61: 2025-04-01T07:25:25.117Z | AU61: VERDADERO | AV61: GRUPO PREVING | AW61: FALSO | AX61: MOVIMIENTOS REPETITIVOS: RIESGOS Y MEDIDAS PREVENTIVAS | BA61: active | BB61: FALSO | BC61: 0 | BD61: 0 | BE61: 0 | BF61: 0 | BG61: 3 | BH61: 0 | BI61: 0 | BJ61: 0 | BK61: 0 | BL61: notstarted | BM61: 51868 | BN61: 2025-04-02T14:00:33.319Z | BP61: 2019
A62: 2497093__79370 | B62: 2497093 | C62: 79370 | D62: 2537141 | E62: Fernando J | G62: Urbano Delgado | H62: 562000 | J62: 44264 | K62: 3.0 | L62: 2021-03-09T23:59:59.000Z | N62: GRUPO PREVING | O62: inperson | P62: 2021 | R62: selfpaced | S62: [568007, 568008, 568009] | U62: 79370 | V62: 2021-03-09T00:00:00.000Z | W62: active | X62: FALSO | Y62: 54648 | Z62: 51868 | AA62: 0 | AC62: 44264 | AD62: 0 | AE62: 2021 | AF62: 0 | AG62: 44264 | AH62: 0 | AI62: 54648 | AJ62: 51868 | AK62: 2529034 | AL62: FALSO | AM62: [] | AN62: 617 | AO62: 309418 | AP62: [] | AQ62: 0 | AR62: 0 | AS62: 2025-04-01T07:25:25.117Z | AU62: VERDADERO | AV62: GRUPO PREVING | AW62: FALSO | AX62: MOVIMIENTOS REPETITIVOS: RIESGOS Y MEDIDAS PREVENTIVAS | BA62: active | BB62: FALSO | BC62: 0 | BD62: 0 | BE62: 0 | BF62: 0 | BG62: 3 | BH62: 0 | BI62: 0 | BJ62: 0 | BK62: 0 | BL62: notstarted | BM62: 51868 | BN62: 2025-04-02T14:00:33.319Z | BP62: 2019
A63: 2497095__79370 | B63: 2497095 | C63: 79370 | D63: 2537143 | E63: Francisco | G63: Martin Sabariego | H63: 562001 | J63: 44264 | K63: 3.0 | L63: 2021-03-09T23:59:59.000Z | N63: GRUPO PREVING | O63: inperson | P63: 2021 | R63: selfpaced | S63: [568007, 568008, 568009] | U63: 79370 | V63: 2021-03-09T00:00:00.000Z | W63: active | X63: FALSO | Y63: 54648 | Z63: 51868 | AA63: 0 | AC63: 44264 | AD63: 0 | AE63: 2021 | AF63: 0 | AG63: 44264 | AH63: 0 | AI63: 54648 | AJ63: 51868 | AK63: 2529034 | AL63: FALSO | AM63: [] | AN63: 617 | AO63: 309418 | AP63: [] | AQ63: 0 | AR63: 0 | AS63: 2025-04-01T07:25:25.117Z | AU63: VERDADERO | AV63: GRUPO PREVING | AW63: FALSO | AX63: MOVIMIENTOS REPETITIVOS: RIESGOS Y MEDIDAS PREVENTIVAS | BA63: active | BB63: FALSO | BC63: 0 | BD63: 0 | BE63: 0 | BF63: 0 | BG63: 3 | BH63: 0 | BI63: 0 | BJ63: 0 | BK63: 0 | BL63: notstarted | BM63: 51868 | BN63: 2025-04-02T14:00:33.319Z | BP63: 2019
A64: 2497092__79371 | B64: 2497092 | C64: 79371 | D64: 2537140 | E64: ABDELKARIM | G64: BELOUAFI | H64: 562002 | J64: 44271 | K64: 3.0 | L64: 2021-03-16T23:59:59.000Z | N64: GRUPO PREVING | O64: inperson | P64: 2021 | R64: selfpaced | S64: [568010, 568011, 568012] | U64: 79371 | V64: 2021-03-16T00:00:00.000Z | W64: active | X64: FALSO | Y64: 54649 | Z64: 51869 | AA64: 0 | AC64: 44271 | AD64: 0 | AE64: 2021 | AF64: 0 | AG64: 44271 | AH64: 0 | AI64: 54649 | AJ64: 51869 | AK64: 2529034 | AL64: FALSO | AM64: [] | AN64: 682 | AO64: 309418 | AP64: [] | AQ64: 0 | AR64: 0 | AS64: 2025-04-01T07:25:25.407Z | AU64: VERDADERO | AV64: GRUPO PREVING | AW64: FALSO | AX64: TRANSPALETAS Y APILADORAS. MANUAL Y ELÉCTRICAS: RIESGOS Y MEDIDAS PREVENTIVAS | BA64: active | BB64: FALSO | BC64: 0 | BD64: 0 | BE64: 0 | BF64: 0 | BG64: 3 | BH64: 0 | BI64: 0 | BJ64: 0 | BK64: 0 | BL64: notstarted | BM64: 51869 | BN64: 2025-04-02T14:00:33.591Z | BP64: 2021
A65: 2497093__79371 | B65: 2497093 | C65: 79371 | D65: 2537141 | E65: Fernando J | G65: Urbano Delgado | H65: 562003 | J65: 44271 | K65: 3.0 | L65: 2021-03-16T23:59:59.000Z | N65: GRUPO PREVING | O65: inperson | P65: 2021 | R65: selfpaced | S65: [568010, 568011, 568012] | U65: 79371 | V65: 2021-03-16T00:00:00.000Z | W65: active | X65: FALSO | Y65: 54649 | Z65: 51869 | AA65: 0 | AC65: 44271 | AD65: 0 | AE65: 2021 | AF65: 0 | AG65: 44271 | AH65: 0 | AI65: 54649 | AJ65: 51869 | AK65: 2529034 | AL65: FALSO | AM65: [] | AN65: 682 | AO65: 309418 | AP65: [] | AQ65: 0 | AR65: 0 | AS65: 2025-04-01T07:25:25.407Z | AU65: VERDADERO | AV65: GRUPO PREVING | AW65: FALSO | AX65: TRANSPALETAS Y APILADORAS. MANUAL Y ELÉCTRICAS: RIESGOS Y MEDIDAS PREVENTIVAS | BA65: active | BB65: FALSO | BC65: 0 | BD65: 0 | BE65: 0 | BF65: 0 | BG65: 3 | BH65: 0 | BI65: 0 | BJ65: 0 | BK65: 0 | BL65: notstarted | BM65: 51869 | BN65: 2025-04-02T14:00:33.591Z | BP65: 2021
A66: 2497095__79371 | B66: 2497095 | C66: 79371 | D66: 2537143 | E66: Francisco | G66: Martin Sabariego | H66: 562004 | J66: 44271 | K66: 3.0 | L66: 2021-03-16T23:59:59.000Z | N66: GRUPO PREVING | O66: inperson | P66: 2021 | R66: selfpaced | S66: [568010, 568011, 568012] | U66: 79371 | V66: 2021-03-16T00:00:00.000Z | W66: active | X66: FALSO | Y66: 54649 | Z66: 51869 | AA66: 0 | AC66: 44271 | AD66: 0 | AE66: 2021 | AF66: 0 | AG66: 44271 | AH66: 0 | AI66: 54649 | AJ66: 51869 | AK66: 2529034 | AL66: FALSO | AM66: [] | AN66: 682 | AO66: 309418 | AP66: [] | AQ66: 0 | AR66: 0 | AS66: 2025-04-01T07:25:25.407Z | AU66: VERDADERO | AV66: GRUPO PREVING | AW66: FALSO | AX66: TRANSPALETAS Y APILADORAS. MANUAL Y ELÉCTRICAS: RIESGOS Y MEDIDAS PREVENTIVAS | BA66: active | BB66: FALSO | BC66: 0 | BD66: 0 | BE66: 0 | BF66: 0 | BG66: 3 | BH66: 0 | BI66: 0 | BJ66: 0 | BK66: 0 | BL66: notstarted | BM66: 51869 | BN66: 2025-04-02T14:00:33.591Z | BP66: 2021
A67: 2497092__79372 | B67: 2497092 | C67: 79372 | D67: 2537140 | E67: ABDELKARIM | G67: BELOUAFI | H67: 562005 | J67: 44264 | K67: 3.0 | L67: 2021-03-09T23:59:59.000Z | N67: GRUPO PREVING | O67: inperson | P67: 2021 | R67: selfpaced | S67: [568013, 568014, 568015] | U67: 79372 | V67: 2021-03-09T00:00:00.000Z | W67: active | X67: FALSO | Y67: 54650 | Z67: 51870 | AA67: 0 | AC67: 44264 | AD67: 0 | AE67: 2021 | AF67: 0 | AG67: 44264 | AH67: 0 | AI67: 54650 | AJ67: 51870 | AK67: 2529034 | AL67: FALSO | AM67: [] | AN67: 552 | AO67: 309418 | AP67: [] | AQ67: 0 | AR67: 0 | AS67: 2025-04-01T07:25:25.714Z | AU67: VERDADERO | AV67: GRUPO PREVING | AW67: FALSO | AX67: MANIPULACIÓN DE CARGAS | BA67: active | BB67: FALSO | BC67: 0 | BD67: 0 | BE67: 0 | BF67: 0 | BG67: 3 | BH67: 0 | BI67: 0 | BJ67: 0 | BK67: 0 | BL67: notstarted | BM67: 51870 | BN67: 2025-04-02T14:00:33.897Z | BP67: 2021
... A73: 2497096__79373 | B73: 2497096 | C73: 79373 | D73: 2537144 | E73: Queralt | G73: Pich Oliveras | H73: 562011 | J73: 44266 | K73: 3.0 | L73: 2021-03-11T23:59:59.000Z | N73: GRUPO PREVING | O73: inperson | P73: 2021 | R73: selfpaced | S73: [568016, 568017, 568018, 568019] | U73: 79373 | V73: 2021-03-11T00:00:00.000Z | W73: active | X73: FALSO | Y73: 54651 | Z73: 51871 | AA73: 0 | AC73: 44266 | AD73: 0 | AE73: 2021 | AF73: 0 | AG73: 44266 | AH73: 0 | AI73: 54651 | AJ73: 51871 | AK73: 2529034 | AL73: FALSO | AM73: [] | AN73: 680 | AO73: 309418 | AP73: [] | AQ73: 0 | AR73: 0 | AS73: 2025-04-01T07:25:27.444Z | AU73: VERDADERO | AV73: GRUPO PREVING | AW73: FALSO | AX73: RUIDO: RIESGOS Y MEDIDAS PREVENIVAS | BA73: active | BB73: FALSO | BC73: 0 | BD73: 0 | BE73: 0 | BF73: 0 | BG73: 4 | BH73: 0 | BI73: 0 | BJ73: 0 | BK73: 0 | BL73: notstarted | BM73: 51871 | BN73: 2025-04-02T14:00:34.146Z | BP73: 2020
A74: 2497095__79374 | B74: 2497095 | C74: 79374 | D74: 2537143 | E74: Francisco | G74: Martin Sabariego | H74: 562012 | J74: 44496 | K74: 4.0 | L74: 2021-10-27T23:59:59.000Z | N74: PREVENCIÓ I SALUT DEL BAGES SL | O74: inperson | P74: 2021 | R74: selfpaced | S74: [568020] | U74: 79374 | V74: 2021-10-27T00:00:00.000Z | W74: active | X74: 0 | Y74: 54652 | Z74: 51873 | AA74: 170 | AC74: 44496 | AD74: 0 | AE74: 2021 | AF74: 0 | AG74: 44496 | AH74: 170 | AI74: 54652 | AJ74: 51873 | AK74: 2529034 | AL74: FALSO | AM74: [] | AN74: 707 | AO74: 309418 | AP74: [] | AQ74: 0 | AR74: 0 | AS74: 2025-04-01T07:25:28.131Z | AU74: VERDADERO | AV74: PREVENCIÓ I SALUT DEL BAGES SL | AW74: FALSO | AX74: SOPORTE VITAL BÁSICO Y USO DES DESFIBRILADOR | BA74: active | BB74: FALSO | BC74: 0 | BD74: 0 | BE74: 0 | BF74: 0 | BG74: 1 | BH74: 170 | BI74: 0 | BJ74: 0 | BK74: 170 | BL74: notstarted | BM74: 51873 | BN74: 2025-04-02T14:00:34.399Z | BP74: 2021
A75: 2497093__79375 | B75: 2497093 | C75: 79375 | D75: 2537141 | E75: Fernando J | G75: Urbano Delgado | H75: 562013 | J75: 44484 | K75: 45778 | L75: 2021-10-15T23:59:59.000Z | N75: CONSELL CATALÀ DE RESUSCITACIÓ | O75: inperson | P75: 2021 | R75: selfpaced | S75: [568021] | U75: 79375 | V75: 2021-10-15T00:00:00.000Z | W75: active | X75: 0 | Y75: 54653 | Z75: 51874 | AA75: 0 | AC75: 44484 | AD75: 0 | AE75: 2021 | AF75: 0 | AG75: 44484 | AH75: 0 | AI75: 54653 | AJ75: 51874 | AK75: 2529034 | AL75: FALSO | AM75: [] | AN75: 708 | AO75: 309418 | AP75: [] | AQ75: 0 | AR75: 0 | AS75: 2025-04-01T07:25:28.419Z | AU75: VERDADERO | AV75: CONSELL CATALÀ DE RESUSCITACIÓ | AW75: FALSO | AX75: RECICLATGE CURS SUPORT VITAL BÀSIC I ÚS DEL DESFIBRIL·LADOR | BA75: active | BB75: FALSO | BC75: 0 | BD75: 0 | BE75: 0 | BF75: 0 | BG75: 1 | BH75: 0 | BI75: 0 | BJ75: 0 | BK75: 0 | BL75: notstarted | BM75: 51874 | BN75: 2025-04-02T14:00:34.685Z | BP75: 2021
A76: 2497096__79376 | B76: 2497096 | C76: 79376 | D76: 2537144 | E76: Queralt | G76: Pich Oliveras | H76: 562014 | J76: 44925 | K76: 35.0 | L76: 2022-12-30T23:59:59.000Z | N76: GRUP CIEF, S.L. | O76: inperson | P76: 2022 | R76: selfpaced | S76: [568022] | U76: 79376 | V76: 2022-09-23T00:00:00.000Z | W76: active | X76: 0 | Y76: 54654 | Z76: 51877 | AA76: 202.5 | AC76: 44925 | AD76: 0 | AE76: 2022 | AF76: 0 | AG76: 44827 | AH76: 202.5 | AI76: 54654 | AJ76: 51877 | AK76: 2529034 | AL76: FALSO | AM76: [] | AN76: 772 | AO76: 309418 | AP76: [] | AQ76: 0 | AR76: 0 | AS76: 2025-04-01T07:25:29.332Z | AU76: VERDADERO | AV76: GRUP CIEF, S.L. | AW76: FALSO | AX76: ENGLISH LEVEL B1 - COURSE I | BA76: active | BB76: FALSO | BC76: 0 | BD76: 0 | BE76: 0 | BF76: 0 | BG76: 1 | BH76: 202.5 | BI76: 0 | BJ76: 0 | BK76: 202.5 | BL76: notstarted | BM76: 51877 | BN76: 2025-04-02T14:00:35.127Z | BP76: 2022
A77: 2497094__79377 | B77: 2497094 | C77: 79377 | D77: 2537142 | E77: Carlos | G77: Rocamora Valls | H77: 562015 | J77: 44925 | K77: 35.0 | L77: 2022-12-30T23:59:59.000Z | N77: GRUP CIEF, S.L. | O77: inperson | P77: 2022 | R77: selfpaced | S77: [568023] | U77: 79377 | V77: 2022-09-23T00:00:00.000Z | W77: active | X77: 0 | Y77: 54655 | Z77: 51878 | AA77: 202.5 | AC77: 44925 | AD77: 0 | AE77: 2022 | AF77: 0 | AG77: 44827 | AH77: 202.5 | AI77: 54655 | AJ77: 51878 | AK77: 2529034 | AL77: FALSO | AM77: [] | AN77: 773 | AO77: 309418 | AP77: [] | AQ77: 0 | AR77: 0 | AS77: 2025-04-01T07:25:29.639Z | AU77: VERDADERO | AV77: GRUP CIEF, S.L. | AW77: FALSO | AX77: FRANÇAIS DEXWAY ACADEMIE: NIVEAU A1 | BA77: active | BB77: FALSO | BC77: 0 | BD77: 0 | BE77: 0 | BF77: 0 | BG77: 1 | BH77: 202.5 | BI77: 0 | BJ77: 0 | BK77: 202.5 | BL77: notstarted | BM77: 51878 | BN77: 2025-04-02T14:00:35.397Z | BP77: 2022
A78: 2497090__79378 | B78: 2497090 | C78: 79378 | D78: 2537138 | E78: Immaculada | G78: Rodriguez Molino | H78: 562016 | J78: 45206 | K78: 30.0 | L78: 2023-10-07T23:59:59.000Z | N78: VERALIMENT | O78: inperson | P78: 2023 | R78: selfpaced | S78: [568024] | U78: 79378 | V78: 2023-07-07T00:00:00.000Z | W78: active | X78: 0 | Y78: 54656 | Z78: 51879 | AA78: 225 | AC78: 45206 | AD78: 0 | AE78: 2023 | AF78: 0 | AG78: 45114 | AH78: 225 | AI78: 54656 | AJ78: 51879 | AK78: 2529034 | AL78: FALSO | AM78: [] | AN78: 794 | AO78: 309418 | AP78: [] | AQ78: 0 | AR78: 0 | AS78: 2025-04-01T07:25:30.102Z | AU78: VERDADERO | AV78: VERALIMENT | AW78: FALSO | AX78: CONROL DE PLAGAS PARA IFS | BA78: active | BB78: FALSO | BC78: 0 | BD78: 0 | BE78: 0 | BF78: 0 | BG78: 1 | BH78: 225 | BI78: 0 | BJ78: 0 | BK78: 225 | BL78: notstarted | BM78: 51879 | BN78: 2025-04-02T14:00:35.738Z | BP78: 2023
A79: 2497090__79379 | B79: 2497090 | C79: 79379 | D79: 2537138 | E79: Immaculada | G79: Rodriguez Molino | H79: 562017 | J79: 44994 | K79: 60.0 | L79: 2023-03-09T23:59:59.000Z | N79: EF INICIATIVAS EMPRESARIALES SLU | O79: inperson | P79: 2023 | R79: selfpaced | S79: [568025] | U79: 79379 | V79: 2023-01-26T00:00:00.000Z | W79: active | X79: 0 | Y79: 54657 | Z79: 51880 | AA79: 360 | AC79: 44994 | AD79: 0 | AE79: 2023 | AF79: 0 | AG79: 44952 | AH79: 360 | AI79: 54657 | AJ79: 51880 | AK79: 2529034 | AL79: FALSO | AM79: [] | AN79: 793 | AO79: 309418 | AP79: [] | AQ79: 0 | AR79: 0 | AS79: 2025-04-01T07:25:30.379Z | AU79: VERDADERO | AV79: EF INICIATIVAS EMPRESARIALES SLU | AW79: FALSO | AX79: CURSO IMPLANTACIÓN DE LA NORMA IFS FOOD VERSIÓN 7 | BA79: active | BB79: FALSO | BC79: 0 | BD79: 0 | BE79: 0 | BF79: 0 | BG79: 1 | BH79: 360 | BI79: 0 | BJ79: 0 | BK79: 360 | BL79: notstarted | BM79: 51880 | BN79: 2025-04-02T14:00:35.997Z | BP79: 2023
A80: 2497090__79380 | B80: 2497090 | C80: 79380 | D80: 2537138 | E80: Immaculada | G80: Rodriguez Molino | H80: 562018 | J80: 45085 | K80: 16.0 | L80: 2023-06-08T23:59:59.000Z | N80: AIQS | O80: inperson | P80: 2023 | R80: selfpaced | S80: [568026, 568027, 568028] | U80: 79380 | V80: 2023-06-06T00:00:00.000Z | W80: active | X80: 0 | Y80: 54658 | Z80: 51881 | AA80: 900 | AC80: 45085 | AD80: 0 | AE80: 2023 | AF80: 0 | AG80: 45083 | AH80: 0 | AI80: 54658 | AJ80: 51881 | AK80: 2529034 | AL80: FALSO | AM80: [] | AN80: 792 | AO80: 309418 | AP80: [] | AQ80: 0 | AR80: 0 | AS80: 2025-04-01T07:25:30.661Z | AU80: VERDADERO | AV80: AIQS | AW80: FALSO | AX80: BIET Meeting 2023 | BA80: active | BB80: FALSO | BC80: 0 | BD80: 0 | BE80: 0 | BF80: 0 | BG80: 3 | BH80: 900 | BI80: 0 | BJ80: 0 | BK80: 0 | BL80: notstarted | BM80: 51881 | BN80: 2025-04-02T14:00:36.402Z | BP80: 2023
A81: 2497094__79380 | B81: 2497094 | C81: 79380 | D81: 2537142 | E81: Carlos | G81: Rocamora Valls | H81: 562019 | J81: 45085 | K81: 16.0 | L81: 2023-06-08T23:59:59.000Z | N81: AIQS | O81: inperson | P81: 2023 | R81: selfpaced | S81: [568026, 568027, 568028] | U81: 79380 | V81: 2023-06-06T00:00:00.000Z | W81: active | X81: 0 | Y81: 54658 | Z81: 51881 | AA81: 900 | AC81: 45085 | AD81: 0 | AE81: 2023 | AF81: 0 | AG81: 45083 | AH81: 0 | AI81: 54658 | AJ81: 51881 | AK81: 2529034 | AL81: FALSO | AM81: [] | AN81: 792 | AO81: 309418 | AP81: [] | AQ81: 0 | AR81: 0 | AS81: 2025-04-01T07:25:30.661Z | AU81: VERDADERO | AV81: AIQS | AW81: FALSO | AX81: BIET Meeting 2023 | BA81: active | BB81: FALSO | BC81: 0 | BD81: 0 | BE81: 0 | BF81: 0 | BG81: 3 | BH81: 900 | BI81: 0 | BJ81: 0 | BK81: 0 | BL81: notstarted | BM81: 51881 | BN81: 2025-04-02T14:00:36.402Z | BP81: 2023
A82: 2497097__79380 | B82: 2497097 | C82: 79380 | D82: 2537145 | E82: Oriol | G82: Giner Cots | H82: 562020 | J82: 45085 | K82: 16.0 | L82: 2023-06-08T23:59:59.000Z | N82: AIQS | O82: inperson | P82: 2023 | R82: selfpaced | S82: [568026, 568027, 568028] | U82: 79380 | V82: 2023-06-06T00:00:00.000Z | W82: active | X82: 0 | Y82: 54658 | Z82: 51881 | AA82: 900 | AC82: 45085 | AD82: 0 | AE82: 2023 | AF82: 0 | AG82: 45083 | AH82: 0 | AI82: 54658 | AJ82: 51881 | AK82: 2529034 | AL82: FALSO | AM82: [] | AN82: 792 | AO82: 309418 | AP82: [] | AQ82: 0 | AR82: 0 | AS82: 2025-04-01T07:25:30.661Z | AU82: VERDADERO | AV82: AIQS | AW82: FALSO | AX82: BIET Meeting 2023 | BA82: active | BB82: FALSO | BC82: 0 | BD82: 0 | BE82: 0 | BF82: 0 | BG82: 3 | BH82: 900 | BI82: 0 | BJ82: 0 | BK82: 0 | BL82: notstarted | BM82: 51881 | BN82: 2025-04-02T14:00:36.402Z | BP82: 2023
A83: 2497090__79381 | B83: 2497090 | C83: 79381 | D83: 2537138 | E83: Immaculada | G83: Rodriguez Molino | H83: 562021 | J83: 45460 | K83: 1.0 | L83: 2024-06-17T23:59:59.000Z | N83: BUREAU VERITAS BUSINESS SCHOOL | O83: inperson | P83: 2024 | R83: selfpaced | S83: [568029, 568030] | U83: 79381 | V83: 2024-05-29T00:00:00.000Z | W83: active | X83: 0 | Y83: 54659 | Z83: 51882 | AA83: 144 | AC83: 45460 | AD83: 0 | AE83: 2024 | AF83: 0 | AG83: 45441 | AH83: 0 | AI83: 54659 | AJ83: 51882 | AK83: 2529034 | AL83: FALSO | AM83: [] | AN83: 818 | AO83: 309418 | AP83: [] | AQ83: 0 | AR83: 0 | AS83: 2025-04-01T07:25:30.949Z | AU83: VERDADERO | AV83: BUREAU VERITAS BUSINESS SCHOOL | AW83: FALSO | AX83: PRINCIPALES NOVEDADES DEL ÁRBOL DE DECISIONES - PGHA CODEX ALIMENTARIUS 2023 | BA83: active | BB83: FALSO | BC83: 0 | BD83: 0 | BE83: 0 | BF83: 0 | BG83: 2 | BH83: 144 | BI83: 0 | BJ83: 0 | BK83: 0 | BL83: notstarted | BM83: 51882 | BN83: 2025-04-02T14:00:36.688Z | BP83: 2024
A84: 2497098__79381 | B84: 2497098 | C84: 79381 | D84: 2537146 | E84: Martí | G84: Ambros Casas | H84: 562022 | J84: 45460 | K84: 1.0 | L84: 2024-06-17T23:59:59.000Z | N84: BUREAU VERITAS BUSINESS SCHOOL | O84: inperson | P84: 2024 | R84: selfpaced | S84: [568029, 568030] | U84: 79381 | V84: 2024-05-29T00:00:00.000Z | W84: active | X84: 0 | Y84: 54659 | Z84: 51882 | AA84: 144 | AC84: 45460 | AD84: 0 | AE84: 2024 | AF84: 0 | AG84: 45441 | AH84: 0 | AI84: 54659 | AJ84: 51882 | AK84: 2529034 | AL84: FALSO | AM84: [] | AN84: 818 | AO84: 309418 | AP84: [] | AQ84: 0 | AR84: 0 | AS84: 2025-04-01T07:25:30.949Z | AU84: VERDADERO | AV84: BUREAU VERITAS BUSINESS SCHOOL | AW84: FALSO | AX84: PRINCIPALES NOVEDADES DEL ÁRBOL DE DECISIONES - PGHA CODEX ALIMENTARIUS 2023 | BA84: active | BB84: FALSO | BC84: 0 | BD84: 0 | BE84: 0 | BF84: 0 | BG84: 2 | BH84: 144 | BI84: 0 | BJ84: 0 | BK84: 0 | BL84: notstarted | BM84: 51882 | BN84: 2025-04-02T14:00:36.688Z | BP84: 2024
A85: 2497090__79554 | B85: 2497090 | C85: 79554 | D85: 2537138 | E85: Immaculada | G85: Rodriguez Molino | H85: 562541 | K85: 0.0 | L85: 2025-04-02T23:59:59.000Z | O85: inperson | P85: 2010 | R85: selfpaced | S85: [568549] | U85: 79554 | V85: 2010-03-29T00:00:00.000Z | W85: active | X85: 0 | Y85: 54830 | Z85: 51825 | AA85: 0 | AC85: 40266 | AD85: 0 | AE85: 2010 | AF85: 0 | AG85: 40266 | AH85: 0 | AI85: 54830 | AJ85: 51825 | AK85: 2529034 | AL85: FALSO | AM85: [] | AN85: 230 | AO85: 309418 | AP85: [] | AQ85: 0 | AR85: 0 | AS85: 2025-04-01T07:25:11.373Z | AU85: VERDADERO | AW85: FALSO | AX85: RISCOS GENERALS I MESURES PREVENTIVES BÀSIQUES | BA85: active | BB85: FALSO | BC85: 0 | BD85: 0 | BE85: 0 | BF85: 0 | BG85: 1 | BH85: 0 | BI85: 0 | BJ85: 0 | BK85: 0 | BL85: notstarted | BM85: 51825 | BN85: 2025-04-02T14:00:24.158Z | BP85: 2010
A86: 2497090__79555 | B86: 2497090 | C86: 79555 | D86: 2537138 | E86: Immaculada | G86: Rodriguez Molino | H86: 562542 | K86: 50.0 | L86: 2025-04-02T23:59:59.000Z | N86: EGARSAT | O86: inperson | P86: 2010 | R86: selfpaced | S86: [568550] | U86: 79555 | V86: 2010-04-01T00:00:00.000Z | W86: active | X86: 0 | Y86: 54831 | Z86: 51828 | AA86: 0 | AC86: 40269 | AD86: 0 | AE86: 2010 | AF86: 0 | AG86: 40269 | AH86: 0 | AI86: 54831 | AJ86: 51828 | AK86: 2529034 | AL86: FALSO | AM86: [] | AN86: 62 | AO86: 309418 | AP86: [] | AQ86: 0 | AR86: 0 | AS86: 2025-04-01T07:25:12.382Z | AU86: VERDADERO | AV86: EGARSAT | AW86: FALSO | AX86: PREVENCION DE RIESGOS LABORALES NIVEL BASICO | BA86: active | BB86: FALSO | BC86: 0 | BD86: 0 | BE86: 0 | BF86: 0 | BG86: 1 | BH86: 0 | BI86: 0 | BJ86: 0 | BK86: 0 | BL86: notstarted | BM86: 51828 | BN86: 2025-04-02T14:00:24.737Z | BP86: 2008
A87: 2497096__84848 | B87: 2497096 | C87: 84848 | D87: 2537144 | E87: Queralt | G87: Pich Oliveras | H87: 610510 | J87: 45642 | L87: 2024-12-16T23:59:59.000Z | O87: inperson | P87: 2024 | R87: selfpaced | S87: [616508] | U87: 84848 | V87: 2024-05-09T00:00:00.000Z | W87: active | X87: 0 | Y87: 57736 | Z87: 54597 | AA87: 0 | AC87: 45642 | AD87: 0 | AE87: 2024 | AF87: 0 | AG87: 45421 | AH87: 0 | AI87: 57736 | AJ87: 54597 | AK87: 2529034 | AL87: FALSO | AM87: [] | AO87: 309418 | AP87: [] | AQ87: 0 | AR87: 0 | AS87: 2025-05-02T12:51:45.222Z | AU87: VERDADERO | AW87: FALSO | AX87: FISCALITAT BÀSICA | BA87: active | BB87: FALSO | BC87: 0 | BD87: 0 | BE87: 0 | BF87: 0 | BG87: 1 | BH87: 0 | BI87: 0 | BJ87: 0 | BK87: 0 | BL87: notstarted | BM87: 54597 | BN87: 2025-05-05T08:44:03.509Z | BP87: 2024
A88: 2497096__84849 | B88: 2497096 | C88: 84849 | D88: 2537144 | E88: Queralt | G88: Pich Oliveras | H88: 610511 | J88: 45643 | L88: 2024-12-17T23:59:59.000Z | O88: inperson | P88: 2024 | R88: selfpaced | S88: [616509] | U88: 84849 | V88: 2024-09-24T00:00:00.000Z | W88: active | X88: 0 | Y88: 57737 | Z88: 54598 | AA88: 0 | AC88: 45643 | AD88: 0 | AE88: 2024 | AF88: 0 | AG88: 45559 | AH88: 0 | AI88: 57737 | AJ88: 54598 | AK88: 2529034 | AL88: FALSO | AM88: [] | AO88: 309418 | AP88: [] | AQ88: 0 | AR88: 0 | AS88: 2025-05-02T12:51:45.510Z | AU88: VERDADERO | AW88: FALSO | AX88: INGLÉS UPPER-INTERMEDIATE | BA88: active | BB88: FALSO | BC88: 0 | BD88: 0 | BE88: 0 | BF88: 0 | BG88: 1 | BH88: 0 | BI88: 0 | BJ88: 0 | BK88: 0 | BL88: notstarted | BM88: 54598 | BN88: 2025-05-05T08:44:03.789Z | BP88: 2024
A89: 2497093__84850 | B89: 2497093 | C89: 84850 | D89: 2537141 | E89: Fernando J | G89: Urbano Delgado | H89: 610512 | J89: 45610 | L89: 2024-11-14T23:59:59.000Z | O89: inperson | P89: 2024 | R89: selfpaced | S89: [616510] | U89: 84850 | V89: 2024-10-14T00:00:00.000Z | W89: active | X89: 0 | Y89: 57738 | Z89: 54599 | AA89: 0 | AC89: 45610 | AD89: 0 | AE89: 2024 | AF89: 0 | AG89: 45579 | AH89: 0 | AI89: 57738 | AJ89: 54599 | AK89: 2529034 | AL89: FALSO | AM89: [] | AO89: 309418 | AP89: [] | AQ89: 0 | AR89: 0 | AS89: 2025-05-02T12:51:45.781Z | AU89: VERDADERO | AW89: FALSO | AX89: MANIPULACION ALIMENTOS | BA89: active | BB89: FALSO | BC89: 0 | BD89: 0 | BE89: 0 | BF89: 0 | BG89: 1 | BH89: 0 | BI89: 0 | BJ89: 0 | BK89: 0 | BL89: notstarted | BM89: 54599 | BN89: 2025-05-05T08:44:04.183Z | BP89: 2024
A90: 2497090__84851 | B90: 2497090 | C90: 84851 | D90: 2537138 | E90: Immaculada | G90: Rodriguez Molino | H90: 610513 | J90: 45646 | L90: 2024-12-20T23:59:59.000Z | O90: inperson | P90: 2024 | R90: selfpaced | S90: [616511] | U90: 84851 | V90: 2024-11-11T00:00:00.000Z | W90: active | X90: 0 | Y90: 57739 | Z90: 54600 | AA90: 0 | AC90: 45646 | AD90: 0 | AE90: 2024 | AF90: 0 | AG90: 45607 | AH90: 0 | AI90: 57739 | AJ90: 54600 | AK90: 2529034 | AL90: FALSO | AM90: [] | AO90: 309418 | AP90: [] | AQ90: 0 | AR90: 0 | AS90: 2025-05-02T12:51:46.056Z | AU90: VERDADERO | AW90: FALSO | AX90: VIDA ÚTIL DELS ALIMENTS REGLAMENT CE 2073/2005 | BA90: active | BB90: FALSO | BC90: 0 | BD90: 0 | BE90: 0 | BF90: 0 | BG90: 1 | BH90: 0 | BI90: 0 | BJ90: 0 | BK90: 0 | BL90: notstarted | BM90: 54600 | BN90: 2025-05-05T08:44:04.897Z | BP90: 2024

Sheet Participantes_norm
A1: participantes_session_access_membership_id | B1: participantes_access_id | C1: employee_id | D1: session_id | E1: participantes_first_name | F1: participantes_last_name | G1: participantes_job_title
A2: 561940 | B2: 2537138 | C2: 2497090 | D2: 79325 | E2: Immaculada | F2: Rodriguez Molino
A3: 561941 | B3: 2537138 | C3: 2497090 | D3: 79326 | E3: Immaculada | F3: Rodriguez Molino
A4: 561942 | B4: 2537138 | C4: 2497090 | D4: 79327 | E4: Immaculada | F4: Rodriguez Molino
A5: 561943 | B5: 2537138 | C5: 2497090 | D5: 79328 | E5: Immaculada | F5: Rodriguez Molino
A6: 561944 | B6: 2537138 | C6: 2497090 | D6: 79329 | E6: Immaculada | F6: Rodriguez Molino
A7: 561945 | B7: 2537140 | C7: 2497092 | D7: 79330 | E7: ABDELKARIM | F7: BELOUAFI
A8: 561946 | B8: 2537143 | C8: 2497095 | D8: 79330 | E8: Francisco | F8: Martin Sabariego
A9: 561947 | B9: 2537144 | C9: 2497096 | D9: 79330 | E9: Queralt | F9: Pich Oliveras
A10: 561948 | B10: 2537138 | C10: 2497090 | D10: 79331 | E10: Immaculada | F10: Rodriguez Molino
A11: 561949 | B11: 2537138 | C11: 2497090 | D11: 79332 | E11: Immaculada | F11: Rodriguez Molino
A12: 561950 | B12: 2537138 | C12: 2497090 | D12: 79333 | E12: Immaculada | F12: Rodriguez Molino
A13: 561951 | B13: 2537140 | C13: 2497092 | D13: 79334 | E13: ABDELKARIM | F13: BELOUAFI
... A90: 610513 | B90: 2537138 | C90: 2497090 | D90: 84851 | E90: Immaculada | F90: Rodriguez Molino

Sheet Sesiones_norm
A1: sesiones_session_id | B1: sesiones_name | C1: sesiones_training_id | D1: sesiones_description | E1: sesiones_training_class_id | F1: sesiones_starts_at | G1: sesiones_ends_at | H1: sesiones_due_date | I1: sesiones_duration | J1: sesiones_modality | K1: sesiones_schedule | L1: sesiones_link | M1: sesiones_location | N1: sesiones_session_attendance_ids | O1: sesiones_session_feedback_id | P1: sesiones_subsidized | Q1: sesiones_status | R1: sesiones_parent_id
A2: 79325 | B2: 2004 | C2: 51803 | E2: 54603 | F2: 2004-09-13T00:00:00.000Z | G2: 2004-09-15T23:59:59.000Z | H2: 38245 | I2: 1.0 | J2: inperson | K2: selfpaced | M2: FORMACION INTERNA | N2: [567948] | P2: FALSO | Q2: active
A3: 79326 | B3: 2005 | C3: 51808 | E3: 54604 | F3: 2005-10-17T00:00:00.000Z | G3: 2006-06-30T23:59:59.000Z | H3: 38898 | I3: 0.07 | J3: inperson | K3: selfpaced | M3: CIEF | N3: [567949] | P3: FALSO | Q3: active
A4: 79327 | B4: 2006 | C4: 51808 | E4: 54605 | F4: 2006-01-11T00:00:00.000Z | G4: 2006-12-20T23:59:59.000Z | H4: 39071 | I4: 4.0 | J4: inperson | K4: selfpaced | M4: CIEF | N4: [567950] | P4: FALSO | Q4: active
A5: 79328 | B5: 2005 | C5: 51810 | E5: 54606 | F5: 2005-05-23T00:00:00.000Z | G5: 2005-05-25T23:59:59.000Z | H5: 38497 | I5: 20.0 | J5: inperson | K5: selfpaced | M5: AULA BDN, SCP | N5: [567951] | P5: FALSO | Q5: active
A6: 79329 | B6: 2007 | C6: 51811 | E6: 54607 | F6: 2007-11-12T00:00:00.000Z | G6: 2007-11-12T23:59:59.000Z | H6: 39398 | I6: 2.0 | J6: inperson | K6: selfpaced | M6: MEGARA SOCIEDAD DE PREVENCIÓN DE MUTUA E | N6: [567952] | P6: FALSO | Q6: active
A7: 79330 | B7: 2021 | C7: 51811 | E7: 54608 | F7: 2021-03-11T00:00:00.000Z | G7: 2021-03-11T23:59:59.000Z | H7: 44266 | I7: 3.0 | J7: inperson | K7: selfpaced | M7: GRUPO PREVING | N7: [567953, 567954, 567955] | P7: FALSO | Q7: active
A8: 79331 | B8: 2007 | C8: 51812 | E8: 54609 | F8: 2007-11-22T00:00:00.000Z | G8: 2007-11-22T23:59:59.000Z | H8: 39408 | I8: 8.0 | J8: inperson | K8: selfpaced | M8: ASOCIACIÓN DE QUÍMICOS E INGENIEROS | N8: [567956] | P8: FALSO | Q8: active
A9: 79332 | B9: 2007 | C9: 51813 | E9: 54610 | F9: 2007-03-23T00:00:00.000Z | G9: 2007-03-23T23:59:59.000Z | H9: 39164 | I9: 0.0 | J9: inperson | K9: selfpaced | M9: AGÈNCIA CATALANA DE SEGUETAT ALIMENTARIA | N9: [567957] | P9: FALSO | Q9: active
A10: 79333 | B10: 2008 | C10: 51814 | E10: 54611 | F10: 2008-10-27T00:00:00.000Z | G10: 2008-10-27T23:59:59.000Z | H10: 39748 | I10: 4.0 | J10: inperson | K10: selfpaced | M10: EGARSAT | N10: [567958] | P10: FALSO | Q10: active
A11: 79334 | B11: 2008 | C11: 51816 | E11: 54612 | F11: 2008-11-18T00:00:00.000Z | G11: 2008-11-18T23:59:59.000Z | H11: 39770 | I11: 2.0 | J11: inperson | K11: selfpaced | M11: EGARSAT | N11: [567959, 567960] | P11: FALSO | Q11: active
A12: 79335 | B12: 2008 | C12: 51817 | E12: 54613 | F12: 2008-11-18T00:00:00.000Z | G12: 2008-11-18T23:59:59.000Z | H12: 39770 | I12: 2.0 | J12: inperson | K12: selfpaced | M12: EGARSAT | N12: [567961, 567962] | P12: FALSO | Q12: active
A13: 79336 | B13: 2008 | C13: 51819 | E13: 54614 | F13: 2008-03-26T00:00:00.000Z | G13: 2008-03-27T23:59:59.000Z | H13: 39534 | I13: 12.0 | J13: inperson | K13: selfpaced | M13: ASOCIACIÓN DE FABRICANTES Y COMERCIALIZA | N13: [567963] | P13: FALSO | Q13: active
... A19: 79342 | B19: 2016 | C19: 51827 | E19: 54620 | F19: 2016-10-19T00:00:00.000Z | G19: 2016-10-20T23:59:59.000Z | H19: 42663 | I19: 13.0 | J19: inperson | K19: selfpaced | M19: ASOCIACIÓN ESPAÑOLA DE TÉCNICOS CEREALIS | N19: [567969] | P19: FALSO | Q19: active
A20: 79343 | B20: 2011 I | C20: 51830 | E20: 54621 | F20: 2011-05-04T00:00:00.000Z | G20: 2011-05-04T23:59:59.000Z | H20: 40667 | I20: 2.0 | J20: inperson | K20: selfpaced | M20: EGARSAT | N20: [567970] | P20: FALSO | Q20: active
A21: 79344 | B21: 2011 II | C21: 51830 | E21: 54622 | F21: 2011-05-18T00:00:00.000Z | G21: 2011-05-18T23:59:59.000Z | H21: 40681 | I21: 2.0 | J21: inperson | K21: selfpaced | M21: EGARSAT | N21: [567971] | P21: FALSO | Q21: active
A22: 79345 | B22: 2011 I | C22: 51831 | E22: 54623 | F22: 2011-05-04T00:00:00.000Z | G22: 2011-05-04T23:59:59.000Z | H22: 40667 | I22: 2.0 | J22: inperson | K22: selfpaced | M22: EGARSAT | N22: [567972] | P22: FALSO | Q22: active
A23: 79346 | B23: 2011 II | C23: 51831 | E23: 54624 | F23: 2011-05-18T00:00:00.000Z | G23: 2011-05-18T23:59:59.000Z | H23: 40681 | I23: 2.0 | J23: inperson | K23: selfpaced | M23: EGARSAT | N23: [567973] | P23: FALSO | Q23: active
A24: 79347 | B24: 2012 | C24: 51832 | E24: 54625 | F24: 2012-09-26T00:00:00.000Z | G24: 2012-09-26T23:59:59.000Z | H24: 41178 | I24: 1.0 | J24: inperson | K24: selfpaced | M24: EGARSAT | N24: [567974] | P24: FALSO | Q24: active
A25: 79348 | B25: 2012 | C25: 51840 | E25: 54626 | F25: 2012-09-26T00:00:00.000Z | G25: 2012-09-26T23:59:59.000Z | H25: 41178 | I25: 1.0 | J25: inperson | K25: selfpaced | M25: EGARSAT | N25: [567975] | P25: FALSO | Q25: active
A26: 79349 | B26: 2013 | C26: 51842 | E26: 54627 | F26: 2013-10-26T00:00:00.000Z | G26: 2013-10-26T23:59:59.000Z | H26: 41573 | I26: 8.0 | J26: inperson | K26: selfpaced | M26: CAN PADRO | N26: [567976, 567977] | P26: FALSO | Q26: active
A27: 79350 | B27: 2013 | C27: 51843 | E27: 54628 | F27: 2013-12-18T00:00:00.000Z | G27: 2013-12-19T23:59:59.000Z | H27: 41627 | I27: 16.0 | J27: inperson | K27: selfpaced | M27: 3OR SOLUTIONS,S .L. | N27: [567978] | P27: FALSO | Q27: active
A28: 79351 | B28: 2013 | C28: 51844 | E28: 54629 | F28: 2013-06-05T00:00:00.000Z | G28: 2013-06-06T23:59:59.000Z | H28: 41431 | I28: 16.0 | J28: inperson | K28: selfpaced | M28: IQS | N28: [567979] | P28: FALSO | Q28: active
A29: 79352 | B29: 2014 | C29: 51845 | E29: 54630 | F29: 2014-05-06T00:00:00.000Z | G29: 2014-05-06T23:59:59.000Z | H29: 41765 | I29: 6.0 | J29: inperson | K29: selfpaced | M29: AIQS | N29: [567980] | P29: FALSO | Q29: active
A30: 79353 | B30: 2015 | C30: 51848 | E30: 54631 | F30: 2015-06-03T00:00:00.000Z | G30: 2015-06-04T23:59:59.000Z | H30: 42159 | I30: 16.0 | J30: inperson | K30: selfpaced | M30: A IQS | N30: [567981] | P30: FALSO | Q30: active
A31: 79354 | B31: 2015 | C31: 51850 | E31: 54632 | F31: 2015-12-22T00:00:00.000Z | G31: 2015-12-22T23:59:59.000Z | H31: 42360 | I31: 8.0 | J31: inperson | K31: selfpaced | M31: LA LLIMONA | N31: [567982] | P31: FALSO | Q31: active
A32: 79355 | B32: 2015 | C32: 51852 | E32: 54633 | F32: 2015-10-23T00:00:00.000Z | G32: 2015-10-23T23:59:59.000Z | H32: 42300 | I32: 1.0 | J32: inperson | K32: selfpaced | M32: FORMACIÓN INTERNA: VERÒNICA GARCIA | N32: [567983] | P32: FALSO | Q32: active
A33: 79356 | B33: 2016 | C33: 51853 | E33: 54634 | F33: 2016-11-17T00:00:00.000Z | G33: 2016-11-17T23:59:59.000Z | H33: 42691 | I33: 7.0 | J33: inperson | K33: selfpaced | M33: SILLIKER IBÉRICA S.A.U. | N33: [567984] | P33: FALSO | Q33: active
A34: 79357 | B34: 2016 | C34: 51855 | E34: 54635 | F34: 2016-12-15T00:00:00.000Z | G34: 2016-12-15T23:59:59.000Z | H34: 42719 | I34: 2.0 | J34: inperson | K34: selfpaced | M34: Intern: JOSÉ RAMOS | N34: [567985, 567986, 567987, 567988, 567989] | P34: FALSO | Q34: active
A35: 79358 | B35: 2017 | C35: 51856 | E35: 54636 | F35: 2017-06-07T00:00:00.000Z | G35: 2017-06-08T23:59:59.000Z | H35: 42894 | I35: 9.0 | J35: inperson | K35: selfpaced | M35: IQS | N35: [567990, 567991] | P35: FALSO | Q35: active
... A43: 79366 | B43: 2019 | C43: 51864 | E43: 54644 | F43: 2019-10-03T00:00:00.000Z | G43: 2019-10-03T23:59:59.000Z | H43: 43741 | I43: 1.0 | J43: inperson | K43: selfpaced | M43: SILLIKER IBERICA | N43: [568000] | P43: FALSO | Q43: active
A44: 79367 | B44: 2019 | C44: 51865 | E44: 54645 | F44: 2019-09-30T00:00:00.000Z | G44: 2019-09-30T23:59:59.000Z | H44: 43738 | I44: 45781 | J44: inperson | K44: selfpaced | M44: PRODECA - PROMOTORA DELS ALIMENTS CATALA | N44: [568001] | P44: FALSO | Q44: active
A45: 79368 | B45: 2020 | C45: 51866 | E45: 54646 | F45: 2020-01-31T00:00:00.000Z | G45: 2020-01-31T23:59:59.000Z | H45: 43861 | I45: 1.0 | J45: inperson | K45: selfpaced | M45: EGARSAT - JOSE MIGUEL ORDAS TERRONES | N45: [568002, 568003, 568004] | P45: FALSO | Q45: active
A46: 79369 | B46: 2020 | C46: 51867 | E46: 54647 | F46: 2020-02-19T00:00:00.000Z | G46: 2020-02-19T23:59:59.000Z | H46: 43880 | I46: 5.0 | J46: inperson | K46: selfpaced | M46: SILLIKER IBÉRICA S.A.U. | N46: [568005, 568006] | P46: FALSO | Q46: active
A47: 79370 | B47: 2021 | C47: 51868 | E47: 54648 | F47: 2021-03-09T00:00:00.000Z | G47: 2021-03-09T23:59:59.000Z | H47: 44264 | I47: 3.0 | J47: inperson | K47: selfpaced | M47: GRUPO PREVING | N47: [568007, 568008, 568009] | P47: FALSO | Q47: active
A48: 79371 | B48: 2021 | C48: 51869 | E48: 54649 | F48: 2021-03-16T00:00:00.000Z | G48: 2021-03-16T23:59:59.000Z | H48: 44271 | I48: 3.0 | J48: inperson | K48: selfpaced | M48: GRUPO PREVING | N48: [568010, 568011, 568012] | P48: FALSO | Q48: active
A49: 79372 | B49: 2021 | C49: 51870 | E49: 54650 | F49: 2021-03-09T00:00:00.000Z | G49: 2021-03-09T23:59:59.000Z | H49: 44264 | I49: 3.0 | J49: inperson | K49: selfpaced | M49: GRUPO PREVING | N49: [568013, 568014, 568015] | P49: FALSO | Q49: active
A50: 79373 | B50: 2021 | C50: 51871 | E50: 54651 | F50: 2021-03-11T00:00:00.000Z | G50: 2021-03-11T23:59:59.000Z | H50: 44266 | I50: 3.0 | J50: inperson | K50: selfpaced | M50: GRUPO PREVING | N50: [568016, 568017, 568018, 568019] | P50: FALSO | Q50: active
A51: 79374 | B51: 2021 | C51: 51873 | E51: 54652 | F51: 2021-10-27T00:00:00.000Z | G51: 2021-10-27T23:59:59.000Z | H51: 44496 | I51: 4.0 | J51: inperson | K51: selfpaced | M51: PREVENCIÓ I SALUT DEL BAGES SL | N51: [568020] | P51: 0 | Q51: active
A52: 79375 | B52: 2021 | C52: 51874 | E52: 54653 | F52: 2021-10-15T00:00:00.000Z | G52: 2021-10-15T23:59:59.000Z | H52: 44484 | I52: 45778 | J52: inperson | K52: selfpaced | M52: CONSELL CATALÀ DE RESUSCITACIÓ | N52: [568021] | P52: 0 | Q52: active
A53: 79376 | B53: 2022 | C53: 51877 | E53: 54654 | F53: 2022-09-23T00:00:00.000Z | G53: 2022-12-30T23:59:59.000Z | H53: 44925 | I53: 35.0 | J53: inperson | K53: selfpaced | M53: GRUP CIEF, S.L. | N53: [568022] | P53: 0 | Q53: active
A54: 79377 | B54: 2022 | C54: 51878 | E54: 54655 | F54: 2022-09-23T00:00:00.000Z | G54: 2022-12-30T23:59:59.000Z | H54: 44925 | I54: 35.0 | J54: inperson | K54: selfpaced | M54: GRUP CIEF, S.L. | N54: [568023] | P54: 0 | Q54: active
A55: 79378 | B55: 2023 | C55: 51879 | E55: 54656 | F55: 2023-07-07T00:00:00.000Z | G55: 2023-10-07T23:59:59.000Z | H55: 45206 | I55: 30.0 | J55: inperson | K55: selfpaced | M55: VERALIMENT | N55: [568024] | P55: 0 | Q55: active
A56: 79379 | B56: 2023 | C56: 51880 | E56: 54657 | F56: 2023-01-26T00:00:00.000Z | G56: 2023-03-09T23:59:59.000Z | H56: 44994 | I56: 60.0 | J56: inperson | K56: selfpaced | M56: EF INICIATIVAS EMPRESARIALES SLU | N56: [568025] | P56: 0 | Q56: active
A57: 79380 | B57: 2023 | C57: 51881 | E57: 54658 | F57: 2023-06-06T00:00:00.000Z | G57: 2023-06-08T23:59:59.000Z | H57: 45085 | I57: 16.0 | J57: inperson | K57: selfpaced | M57: AIQS | N57: [568026, 568027, 568028] | P57: 0 | Q57: active
A58: 79381 | B58: 2024 | C58: 51882 | E58: 54659 | F58: 2024-05-29T00:00:00.000Z | G58: 2024-06-17T23:59:59.000Z | H58: 45460 | I58: 1.0 | J58: inperson | K58: selfpaced | M58: BUREAU VERITAS BUSINESS SCHOOL | N58: [568029, 568030] | P58: 0 | Q58: active
A59: 79554 | B59: 2010 | C59: 51825 | E59: 54830 | F59: 2010-03-29T00:00:00.000Z | G59: 2025-04-02T23:59:59.000Z | I59: 0.0 | J59: inperson | K59: selfpaced | N59: [568549] | P59: 0 | Q59: active
A60: 79555 | B60: 2010 | C60: 51828 | E60: 54831 | F60: 2010-04-01T00:00:00.000Z | G60: 2025-04-02T23:59:59.000Z | I60: 50.0 | J60: inperson | K60: selfpaced | M60: EGARSAT | N60: [568550] | P60: 0 | Q60: active
A61: 84848 | B61: 2024 | C61: 54597 | E61: 57736 | F61: 2024-05-09T00:00:00.000Z | G61: 2024-12-16T23:59:59.000Z | H61: 45642 | J61: inperson | K61: selfpaced | N61: [616508] | P61: 0 | Q61: active
A62: 84849 | B62: 2024 | C62: 54598 | E62: 57737 | F62: 2024-09-24T00:00:00.000Z | G62: 2024-12-17T23:59:59.000Z | H62: 45643 | J62: inperson | K62: selfpaced | N62: [616509] | P62: 0 | Q62: active
A63: 84850 | B63: 2024 | C63: 54599 | E63: 57738 | F63: 2024-10-14T00:00:00.000Z | G63: 2024-11-14T23:59:59.000Z | H63: 45610 | J63: inperson | K63: selfpaced | N63: [616510] | P63: 0 | Q63: active
A64: 84851 | B64: 2024 | C64: 54600 | E64: 57739 | F64: 2024-11-11T00:00:00.000Z | G64: 2024-12-20T23:59:59.000Z | H64: 45646 | J64: inperson | K64: selfpaced | N64: [616511] | P64: 0 | Q64: active

Sheet Grupos_norm
A1: grupos_training_class_id | B1: grupos_training_id | C1: curse_code | D1: grupos_name | E1: grupos_description | F1: grupos_start_date | G1: grupos_end_date | H1: grupos_cost | I1: grupos_indirect_cost | J1: grupos_salary_cost | K1: grupos_subsidized_cost
A2: 54603 | B2: 51803 | C2: {=XLOOKUP(B2,Cursos_norm!$A$2:$A$85,Cursos_norm!$E$2:$E$85)} -> 9 | D2: 2004 | F2: 38243 | G2: 38245 | H2: 0 | I2: 0 | J2: 0 | K2: 0
A3: 54604 | B3: 51808 | C3: {=XLOOKUP(B3,Cursos_norm!$A$2:$A$85,Cursos_norm!$E$2:$E$85)} -> 15 | D3: 2005 | F3: 38642 | G3: 38898 | H3: 0 | I3: 0 | J3: 0 | K3: 0
A4: 54605 | B4: 51808 | C4: {=XLOOKUP(B4,Cursos_norm!$A$2:$A$85,Cursos_norm!$E$2:$E$85)} -> 15 | D4: 2006 | F4: 38728 | G4: 39071 | H4: 0 | I4: 0 | J4: 0 | K4: 0
A5: 54606 | B5: 51810 | C5: {=XLOOKUP(B5,Cursos_norm!$A$2:$A$85,Cursos_norm!$E$2:$E$85)} -> 32 | D5: 2005 | F5: 38495 | G5: 38497 | H5: 248 | I5: 0 | J5: 0 | K5: 0
A6: 54607 | B6: 51811 | C6: {=XLOOKUP(B6,Cursos_norm!$A$2:$A$85,Cursos_norm!$E$2:$E$85)} -> 105 | D6: 2007 | F6: 39398 | G6: 39398 | H6: 0 | I6: 0 | J6: 0 | K6: 0
A7: 54608 | B7: 51811 | C7: {=XLOOKUP(B7,Cursos_norm!$A$2:$A$85,Cursos_norm!$E$2:$E$85)} -> 105 | D7: 2021 | F7: 44266 | G7: 44266 | H7: 0 | I7: 0 | J7: 0 | K7: 0
A8: 54609 | B8: 51812 | C8: {=XLOOKUP(B8,Cursos_norm!$A$2:$A$85,Cursos_norm!$E$2:$E$85)} -> 100 | D8: 2007 | F8: 39408 | G8: 39408 | H8: 150 | I8: 0 | J8: 0 | K8: 150
A9: 54610 | B9: 51813 | C9: {=XLOOKUP(B9,Cursos_norm!$A$2:$A$85,Cursos_norm!$E$2:$E$85)} -> 92 | D9: 2007 | F9: 39164 | G9: 39164 | H9: 0 | I9: 0 | J9: 0 | K9: 0
A10: 54611 | B10: 51814 | C10: {=XLOOKUP(B10,Cursos_norm!$A$2:$A$85,Cursos_norm!$E$2:$E$85)} -> 159 | D10: 2008 | F10: 39748 | G10: 39748 | H10: 0 | I10: 0 | J10: 0 | K10: 0
A11: 54612 | B11: 51816 | C11: {=XLOOKUP(B11,Cursos_norm!$A$2:$A$85,Cursos_norm!$E$2:$E$85)} -> 185 | D11: 2008 | F11: 39770 | G11: 39770 | H11: 0 | I11: 0 | J11: 0 | K11: 0
A12: 54613 | B12: 51817 | C12: {=XLOOKUP(B12,Cursos_norm!$A$2:$A$85,Cursos_norm!$E$2:$E$85)} -> 166 | D12: 2008 | F12: 39770 | G12: 39770 | H12: 0 | I12: 0 | J12: 0 | K12: 0
A13: 54614 | B13: 51819 | C13: {=XLOOKUP(B13,Cursos_norm!$A$2:$A$85,Cursos_norm!$E$2:$E$85)} -> 134 | D13: 2008 | F13: 39533 | G13: 39534 | H13: 45 | I13: 0 | J13: 0 | K13: 45
... A19: 54620 | B19: 51827 | C19: {=XLOOKUP(B19,Cursos_norm!$A$2:$A$85,Cursos_norm!$E$2:$E$85)} -> 250 | D19: 2016 | F19: 42662 | G19: 42663 | H19: 350 | I19: 0 | J19: 0 | K19: 0
A20: 54621 | B20: 51830 | C20: {=XLOOKUP(B20,Cursos_norm!$A$2:$A$85,Cursos_norm!$E$2:$E$85)} -> 221 | D20: 2011 I | F20: 40667 | G20: 40667 | H20: 0 | I20: 0 | J20: 0 | K20: 0
A21: 54622 | B21: 51830 | C21: {=XLOOKUP(B21,Cursos_norm!$A$2:$A$85,Cursos_norm!$E$2:$E$85)} -> 221 | D21: 2011 II | F21: 40681 | G21: 40681 | H21: 0 | I21: 0 | J21: 0 | K21: 0
A22: 54623 | B22: 51831 | C22: {=XLOOKUP(B22,Cursos_norm!$A$2:$A$85,Cursos_norm!$E$2:$E$85)} -> 158 | D22: 2011 I | F22: 40667 | G22: 40667 | H22: 0 | I22: 0 | J22: 0 | K22: 0
A23: 54624 | B23: 51831 | C23: {=XLOOKUP(B23,Cursos_norm!$A$2:$A$85,Cursos_norm!$E$2:$E$85)} -> 158 | D23: 2011 II | F23: 40681 | G23: 40681 | H23: 0 | I23: 0 | J23: 0 | K23: 0
A24: 54625 | B24: 51832 | C24: {=XLOOKUP(B24,Cursos_norm!$A$2:$A$85,Cursos_norm!$E$2:$E$85)} -> 276 | D24: 2012 | F24: 41178 | G24: 41178 | H24: 0 | I24: 0 | J24: 0 | K24: 0
A25: 54626 | B25: 51840 | C25: {=XLOOKUP(B25,Cursos_norm!$A$2:$A$85,Cursos_norm!$E$2:$E$85)} -> 274 | D25: 2012 | F25: 41178 | G25: 41178 | H25: 0 | I25: 0 | J25: 0 | K25: 0
A26: 54627 | B26: 51842 | C26: {=XLOOKUP(B26,Cursos_norm!$A$2:$A$85,Cursos_norm!$E$2:$E$85)} -> 8 | D26: 2013 | F26: 41573 | G26: 41573 | H26: 868 | I26: 0 | J26: 0 | K26: 0
A27: 54628 | B27: 51843 | C27: {=XLOOKUP(B27,Cursos_norm!$A$2:$A$85,Cursos_norm!$E$2:$E$85)} -> 343 | D27: 2013 | F27: 41626 | G27: 41627 | H27: 625 | I27: 0 | J27: 0 | K27: 625
A28: 54629 | B28: 51844 | C28: {=XLOOKUP(B28,Cursos_norm!$A$2:$A$85,Cursos_norm!$E$2:$E$85)} -> 322 | D28: 2013 | F28: 41430 | G28: 41431 | H28: 200 | I28: 0 | J28: 0 | K28: 200
A29: 54630 | B29: 51845 | C29: {=XLOOKUP(B29,Cursos_norm!$A$2:$A$85,Cursos_norm!$E$2:$E$85)} -> 366 | D29: 2014 | F29: 41765 | G29: 41765 | H29: 60 | I29: 0 | J29: 0 | K29: 60
A30: 54631 | B30: 51848 | C30: {=XLOOKUP(B30,Cursos_norm!$A$2:$A$85,Cursos_norm!$E$2:$E$85)} -> 401 | D30: 2015 | F30: 42158 | G30: 42159 | H30: 175 | I30: 0 | J30: 0 | K30: 175
A31: 54632 | B31: 51850 | C31: {=XLOOKUP(B31,Cursos_norm!$A$2:$A$85,Cursos_norm!$E$2:$E$85)} -> 421 | D31: 2015 | F31: 42360 | G31: 42360 | H31: 495 | I31: 0 | J31: 0 | K31: 495
A32: 54633 | B32: 51852 | C32: {=XLOOKUP(B32,Cursos_norm!$A$2:$A$85,Cursos_norm!$E$2:$E$85)} -> 443 | D32: 2015 | F32: 42300 | G32: 42300 | H32: 0 | I32: 0 | J32: 0 | K32: 0
A33: 54634 | B33: 51853 | C33: {=XLOOKUP(B33,Cursos_norm!$A$2:$A$85,Cursos_norm!$E$2:$E$85)} -> 455 | D33: 2016 | F33: 42691 | G33: 42691 | H33: 904 | I33: 0 | J33: 0 | K33: 0
A34: 54635 | B34: 51855 | C34: {=XLOOKUP(B34,Cursos_norm!$A$2:$A$85,Cursos_norm!$E$2:$E$85)} -> 51 | D34: 2016 | F34: 42719 | G34: 42719 | H34: 0 | I34: 0 | J34: 0 | K34: 0
A35: 54636 | B35: 51856 | C35: {=XLOOKUP(B35,Cursos_norm!$A$2:$A$85,Cursos_norm!$E$2:$E$85)} -> 499 | D35: 2017 | F35: 42893 | G35: 42894 | H35: 500 | I35: 0 | J35: 0 | K35: 0
... A64: 57739 | B64: 54600 | C64: {=XLOOKUP(B64,Cursos_norm!$A$2:$A$85,Cursos_norm!$E$2:$E$85)} | D64: 2024 | F64: 45607 | G64: 45646 | H64: 0 | I64: 0 | J64: 0 | K64: 0

Sheet Cursos_norm
A1: cursos_training_id | B1: cursos_company_id | C1: cursos_author_id | D1: cursos_name | E1: cursos_code | F1: cursos_description | G1: cursos_created_at | H1: cursos_updated_at | I1: cursos_external_provider | J1: cursos_external | K1: cursos_total_cost | L1: cursos_fundae_subsidized | M1: cursos_subsidized | N1: cursos_cost | O1: cursos_subsidized_cost | P1: cursos_total_cost_decimal | Q1: cursos_cost_decimal | R1: cursos_subsidized_cost_decimal | S1: cursos_category_ids | T1: cursos_status | U1: cursos_year | V1: cursos_catalog | W1: cursos_competency_ids | X1: cursos_total_training_cost | Y1: cursos_total_training_indirect_cost | Z1: cursos_total_training_salary_cost | AA1: cursos_total_training_subsidized_cost | AB1: cursos_total_participants | AC1: cursos_training_attendance_status | AD1: cursos_valid_for | AE1: cursos_objectives | AF1: cursos_number_of_expired_participants
A2: 51818 | B2: 309418 | C2: 2529034 | D2: ACTUALITZACIONS DELS SISTEMES DE GESTIÓ COMERCIAL ADMINISTRACIÓ I TELEVENDA. | E2: 184 | G2: 2025-04-01T07:25:09.392Z | H2: 2025-04-01T07:25:09.392Z | I2: CIMKEY | J2: VERDADERO | K2: 0 | L2: FALSO | M2: FALSO | N2: 0 | O2: 0 | P2: 0 | Q2: 0 | R2: 0 | S2: [] | T2: draft | U2: 2008 | V2: FALSO | W2: [] | X2: 0 | Y2: 0 | Z2: 0 | AA2: 0 | AB2: 0
A3: 51866 | B3: 309418 | C3: 2529034 | D3: ATMÓSFERAS EXPLOSIVAS: NORMTIVA BÁSICA, CONCEPTOS BÁSICOS SOBRE EXPLOSIONES.... | E3: 295 | G3: 2025-04-01T07:25:24.496Z | H3: 2025-04-02T14:00:32.597Z | I3: EGARSAT - JOSE MIGUEL ORDAS TERRONES | J3: VERDADERO | K3: 0 | L3: FALSO | M3: FALSO | N3: 0 | O3: 0 | P3: 0 | Q3: 0 | R3: 0 | S3: [] | T3: active | U3: 2020 | V3: FALSO | W3: [] | X3: 0 | Y3: 0 | Z3: 0 | AA3: 0 | AB3: 3 | AC3: notstarted
A4: 51859 | B4: 309418 | C4: 2529034 | D4: AUDITOR INTERNO BRC FOOD-07 | E4: 493 | G4: 2025-04-01T07:25:22.345Z | H4: 2025-04-02T14:00:30.307Z | I4: LGAI | J4: VERDADERO | K4: 0 | L4: FALSO | M4: FALSO | N4: 0 | O4: 0 | P4: 0 | Q4: 0 | R4: 0 | S4: [] | T4: active | U4: 2017 | V4: FALSO | W4: [] | X4: 170 | Y4: 0 | Z4: 0 | AA4: 0 | AB4: 1 | AC4: notstarted
A5: 51824 | B5: 309418 | C5: 2529034 | D5: AUDITOR INTERNO DE CALIDAD ISO 9001:2008 | E5: 228 | G5: 2025-04-01T07:25:11.108Z | H5: 2025-04-02T14:00:23.837Z | I5: BUREAU VERITAS FORMACIÓN | J5: VERDADERO | K5: 0 | L5: FALSO | M5: FALSO | N5: 0 | O5: 0 | P5: 0 | Q5: 0 | R5: 0 | S5: [] | T5: active | U5: 2010 | V5: FALSO | W5: [] | X5: 567 | Y5: 0 | Z5: 0 | AA5: 567 | AB5: 1 | AC5: notstarted
A6: 51872 | B6: 309418 | C6: 2529034 | D6: AUDITOR INTERNO EN SISTEMAS DE GESTIÓN DE LA SEG ALIMENTARIA BRC FOOD VERSIÓN | E6: 700 | G6: 2025-04-01T07:25:27.748Z | H6: 2025-04-01T07:25:27.748Z | I6: INTEDYA IBÉRICA, S.L. | J6: VERDADERO | K6: 0 | L6: FALSO | M6: FALSO | N6: 0 | O6: 0 | P6: 0 | Q6: 0 | R6: 0 | S6: [] | T6: draft | U6: 2021 | V6: FALSO | W6: [] | X6: 0 | Y6: 0 | Z6: 0 | AA6: 0 | AB6: 0
A7: 51820 | B7: 309418 | C7: 2529034 | D7: BANKING INGREDIENTS, ENZYMES AND TECHNOLOGY | E7: 200 | G7: 2025-04-01T07:25:09.979Z | H7: 2025-04-02T14:00:22.569Z | I7: ASOCIACIONES QUIMICOS E INGENIEROS IQS | J7: VERDADERO | K7: 0 | L7: FALSO | M7: FALSO | N7: 0 | O7: 0 | P7: 0 | Q7: 0 | R7: 0 | S7: [] | T7: active | U7: 2009 | V7: FALSO | W7: [] | X7: 240 | Y7: 0 | Z7: 0 | AA7: 240 | AB7: 1 | AC7: notstarted
A8: 51881 | B8: 309418 | C8: 2529034 | D8: BIET Meeting 2023 | E8: 792 | G8: 2025-04-01T07:25:30.661Z | H8: 2025-04-02T14:00:36.402Z | I8: AIQS | J8: VERDADERO | K8: 0 | L8: FALSO | M8: FALSO | N8: 0 | O8: 0 | P8: 0 | Q8: 0 | R8: 0 | S8: [] | T8: active | U8: 2023 | V8: FALSO | W8: [] | X8: 900 | Y8: 0 | Z8: 0 | AA8: 0 | AB8: 3 | AC8: notstarted
A9: 51844 | B9: 309418 | C9: 2529034 | D9: BIET'13 | E9: 322 | G9: 2025-04-01T07:25:17.172Z | H9: 2025-04-02T14:00:27.067Z | I9: IQS | J9: VERDADERO | K9: 0 | L9: FALSO | M9: FALSO | N9: 0 | O9: 0 | P9: 0 | Q9: 0 | R9: 0 | S9: [] | T9: active | U9: 2013 | V9: FALSO | W9: [] | X9: 200 | Y9: 0 | Z9: 0 | AA9: 200 | AB9: 1 | AC9: notstarted
A10: 51856 | B10: 309418 | C10: 2529034 | D10: BIET'17 | E10: 499 | G10: 2025-04-01T07:25:21.327Z | H10: 2025-04-02T14:00:29.383Z | I10: IQS | J10: VERDADERO | K10: 0 | L10: FALSO | M10: FALSO | N10: 0 | O10: 0 | P10: 0 | Q10: 0 | R10: 0 | S10: [] | T10: active | U10: 2017 | V10: FALSO | W10: [] | X10: 500 | Y10: 0 | Z10: 0 | AA10: 0 | AB10: 2 | AC10: notstarted
A11: 51848 | B11: 309418 | C11: 2529034 | D11: BIET/15 EUROPEAN MEETING ON BAKING INGREDIENTS, ENZYMES, AND TECHNOLOGY | E11: 401 | G11: 2025-04-01T07:25:18.414Z | H11: 2025-04-02T14:00:27.950Z | I11: A IQS | J11: VERDADERO | K11: 0 | L11: FALSO | M11: FALSO | N11: 0 | O11: 0 | P11: 0 | Q11: 0 | R11: 0 | S11: [] | T11: active | U11: 2015 | V11: FALSO | W11: [] | X11: 175 | Y11: 0 | Z11: 0 | AA11: 175 | AB11: 1 | AC11: notstarted
A12: 51863 | B12: 309418 | C12: 2529034 | D12: BRC VERSIÓN 8 PRINCIPALES CAMBIOS Y CÓMO PROCEDER A SU IMPLANTACIÓNN | E12: 548 | G12: 2025-04-01T07:25:23.601Z | H12: 2025-04-02T14:00:31.528Z | I12: SILLIKER IBERICA SAU | J12: VERDADERO | K12: 0 | L12: FALSO | M12: FALSO | N12: 0 | O12: 0 | P12: 0 | Q12: 0 | R12: 0 | S12: [] | T12: active | U12: 2019 | V12: FALSO | W12: [] | X12: 140 | Y12: 0 | Z12: 0 | AA12: 140 | AB12: 1 | AC12: notstarted
A13: 51846 | B13: 309418 | C13: 2529034 | D13: CARRETILLAS ELEVADORAS | E13: 3 | G13: 2025-04-01T07:25:17.800Z | H13: 2025-04-01T07:25:17.800Z | I13: CIEF ACCIÓ - ORION PREVENCIÓN, S.L. | J13: VERDADERO | K13: 0 | L13: FALSO | M13: FALSO | N13: 0 | O13: 0 | P13: 0 | Q13: 0 | R13: 0 | S13: [] | T13: draft | U13: 2004 | V13: FALSO | W13: [] | X13: 0 | Y13: 0 | Z13: 0 | AA13: 0 | AB13: 0
A14: 51829 | B14: 309418 | C14: 2529034 | D14: CARRETILLAS FRONTALES I RETRACTILES | E14: 233 | G14: 2025-04-01T07:25:12.720Z | H14: 2025-04-01T07:25:12.720Z | I14: CIEF | J14: VERDADERO | K14: 0 | L14: FALSO | M14: FALSO | N14: 0 | O14: 0 | P14: 0 | Q14: 0 | R14: 0 | S14: [] | T14: draft | U14: 2010 | V14: FALSO | W14: [] | X14: 0 | Y14: 0 | Z14: 0 | AA14: 0 | AB14: 0
A15: 51847 | B15: 309418 | C15: 2529034 | D15: CERTIFICACIONES EN LA INDUSTRIA ALIMENTARIA. SEMINARIO SOBRE LAS NORMAS BRC/ IFS | E15: 396 | G15: 2025-04-01T07:25:18.093Z | H15: 2025-04-01T07:25:18.093Z | I15: INSTITUT QUIMIC de SARRIA | J15: VERDADERO | K15: 0 | L15: FALSO | M15: FALSO | N15: 0 | O15: 0 | P15: 0 | Q15: 0 | R15: 0 | S15: [] | T15: draft | U15: 2015 | V15: FALSO | W15: [] | X15: 0 | Y15: 0 | Z15: 0 | AA15: 0 | AB15: 0
A16: 51841 | B16: 309418 | C16: 2529034 | D16: CK BAAB - QUALITAT | E16: 313 | G16: 2025-04-01T07:25:16.403Z | H16: 2025-04-01T07:25:16.403Z | I16: CIMKEY | J16: VERDADERO | K16: 0 | L16: FALSO | M16: FALSO | N16: 0 | O16: 0 | P16: 0 | Q16: 0 | R16: 0 | S16: [] | T16: draft | U16: 2013 | V16: FALSO | W16: [] | X16: 0 | Y16: 0 | Z16: 0 | AA16: 0 | AB16: 0
A17: 51845 | B17: 309418 | C17: 2529034 | D17: CLEAN LABEL ALGO MÁS QUE UNA ETIQUETA LIMPIA | E17: 366 | G17: 2025-04-01T07:25:17.534Z | H17: 2025-04-02T14:00:27.503Z | I17: AIQS | J17: VERDADERO | K17: 0 | L17: FALSO | M17: FALSO | N17: 0 | O17: 0 | P17: 0 | Q17: 0 | R17: 0 | S17: [] | T17: active | U17: 2014 | V17: FALSO | W17: [] | X17: 60 | Y17: 0 | Z17: 0 | AA17: 60 | AB17: 1 | AC17: notstarted
A18: 51814 | B18: 309418 | C18: 2529034 | D18: CONÈIXEMENTS BÀSICS DE SOCORRISME I PRIMERS AUXILIS | E18: 159 | G18: 2025-04-01T07:25:08.056Z | H18: 2025-04-02T14:00:21.248Z | I18: EGARSAT | J18: VERDADERO | K18: 0 | L18: FALSO | M18: FALSO | N18: 0 | O18: 0 | P18: 0 | Q18: 0 | R18: 0 | S18: [] | T18: active | U18: 2008 | V18: FALSO | W18: [] | X18: 0 | Y18: 0 | Z18: 0 | AA18: 0 | AB18: 1 | AC18: notstarted
A19: 51879 | B19: 309418 | C19: 2529034 | D19: CONROL DE PLAGAS PARA IFS | E19: 794 | G19: 2025-04-01T07:25:30.102Z | H19: 2025-04-02T14:00:35.738Z | I19: VERALIMENT | J19: VERDADERO | K19: 0 | L19: FALSO | M19: FALSO | N19: 0 | O19: 0 | P19: 0 | Q19: 0 | R19: 0 | S19: [] | T19: active | U19: 2023 | V19: FALSO | W19: [] | X19: 225 | Y19: 0 | Z19: 0 | AA19: 225 | AB19: 1 | AC19: notstarted
A20: 51842 | B20: 309418 | C20: 2529034 | D20: CONTRA INCENDIOS - CAN PADRO | E20: 8 | G20: 2025-04-01T07:25:16.646Z | H20: 2025-04-02T14:00:26.537Z | I20: CAN PADRO | J20: VERDADERO | K20: 0 | L20: FALSO | M20: FALSO | N20: 0 | O20: 0 | P20: 0 | Q20: 0 | R20: 0 | S20: [] | T20: active | U20: 2004 | V20: FALSO | W20: [] | X20: 868 | Y20: 0 | Z20: 0 | AA20: 0 | AB20: 2 | AC20: notstarted
A21: 51880 | B21: 309418 | C21: 2529034 | D21: CURSO IMPLANTACIÓN DE LA NORMA IFS FOOD VERSIÓN 7 | E21: 793 | G21: 2025-04-01T07:25:30.379Z | H21: 2025-04-02T14:00:35.997Z | I21: EF INICIATIVAS EMPRESARIALES SLU | J21: VERDADERO | K21: 0 | L21: FALSO | M21: FALSO | N21: 0 | O21: 0 | P21: 0 | Q21: 0 | R21: 0 | S21: [] | T21: active | U21: 2023 | V21: FALSO | W21: [] | X21: 360 | Y21: 0 | Z21: 0 | AA21: 360 | AB21: 1 | AC21: notstarted
A22: 51851 | B22: 309418 | C22: 2529034 | D22: DISEÑO Y DESARROLLO DE LOS PALNES DE PREREQUISITOS EN LA INDUSTRIA ALIMENTARIA | E22: 256 | G22: 2025-04-01T07:25:19.901Z | H22: 2025-04-01T07:25:19.901Z | I22: MCA NETWORK GROUP | J22: VERDADERO | K22: 0 | L22: FALSO | M22: FALSO | N22: 0 | O22: 0 | P22: 0 | Q22: 0 | R22: 0 | S22: [] | T22: draft | U22: 2015 | V22: FALSO | W22: [] | X22: 0 | Y22: 0 | Z22: 0 | AA22: 0 | AB22: 0
A23: 51813 | B23: 309418 | C23: 2529034 | D23: EL REGLAMENT DE DECLARACIONS NUTRICIONALS I DE PROPIETATS SALUDABLES EN ELS ALIM | E23: 92 | G23: 2025-04-01T07:25:07.757Z | H23: 2025-04-02T14:00:20.960Z | I23: AGÈNCIA CATALANA DE SEGUETAT ALIMENTARIA | J23: VERDADERO | K23: 0 | L23: FALSO | M23: FALSO | N23: 0 | O23: 0 | P23: 0 | Q23: 0 | R23: 0 | S23: [] | T23: active | U23: 2007 | V23: FALSO | W23: [] | X23: 0 | Y23: 0 | Z23: 0 | AA23: 0 | AB23: 1 | AC23: notstarted
A24: 51877 | B24: 309418 | C24: 2529034 | D24: ENGLISH LEVEL B1 - COURSE I | E24: 772 | G24: 2025-04-01T07:25:29.332Z | H24: 2025-04-02T14:00:35.127Z | I24: GRUP CIEF, S.L. | J24: VERDADERO | K24: 0 | L24: FALSO | M24: FALSO | N24: 0 | O24: 0 | P24: 0 | Q24: 0 | R24: 0 | S24: [] | T24: active | U24: 2022 | V24: FALSO | W24: [] | X24: 202.5 | Y24: 0 | Z24: 0 | AA24: 202.5 | AB24: 1 | AC24: notstarted
A25: 51832 | B25: 309418 | C25: 2529034 | D25: EQUIPOS DE EMERGENCIA: PREVENCIÓN, EXTINCIÓN Y EVACUACIÓN | E25: 276 | G25: 2025-04-01T07:25:13.637Z | H25: 2025-04-02T14:00:25.650Z | I25: EGARSAT | J25: VERDADERO | K25: 0 | L25: FALSO | M25: FALSO | N25: 0 | O25: 0 | P25: 0 | Q25: 0 | R25: 0 | S25: [] | T25: active | U25: 2011 | V25: FALSO | W25: [] | X25: 0 | Y25: 0 | Z25: 0 | AA25: 0 | AB25: 1 | AC25: notstarted
A26: 51831 | B26: 309418 | C26: 2529034 | D26: EQUIPOS DE EMERGENCIAS: PREVENCIÓN, EXTINCIÓN Y EVACUACION | E26: 158 | G26: 2025-04-01T07:25:13.355Z | H26: 2025-04-02T14:00:25.360Z | I26: EGARSAT | J26: VERDADERO | K26: 0 | L26: FALSO | M26: FALSO | N26: 0 | O26: 0 | P26: 0 | Q26: 0 | R26: 0 | S26: [] | T26: active | U26: 2011 | V26: FALSO | W26: [] | X26: 0 | Y26: 0 | Z26: 0 | AA26: 0 | AB26: 2 | AC26: notstarted
A27: 51804 | B27: 309418 | C27: 2529034 | D27: ESTADISTICAS EN BAAB | E27: 13 | G27: 2025-04-01T07:25:04.956Z | H27: 2025-04-01T07:25:04.956Z | J27: FALSO | K27: 0 | L27: FALSO | M27: FALSO | N27: 0 | O27: 0 | P27: 0 | Q27: 0 | R27: 0 | S27: [] | T27: draft | U27: 2004 | V27: FALSO | W27: [] | X27: 0 | Y27: 0 | Z27: 0 | AA27: 0 | AB27: 0
A28: 51867 | B28: 309418 | C28: 2529034 | D28: ETIQUETADO ALIMENTARIO | E28: 653 | G28: 2025-04-01T07:25:24.794Z | H28: 2025-04-02T14:00:32.965Z | I28: SILLIKER IBÉRICA S.A.U. | J28: VERDADERO | K28: 0 | L28: FALSO | M28: FALSO | N28: 0 | O28: 0 | P28: 0 | Q28: 0 | R28: 0 | S28: [] | T28: active | U28: 2020 | V28: FALSO | W28: [] | X28: 0 | Y28: 0 | Z28: 0 | AA28: 0 | AB28: 2 | AC28: notstarted
A29: 51862 | B29: 309418 | C29: 2529034 | D29: EUROPEAN MEETING ON BAKING INGREDIENTS, ENZYMES, AND TECHNOLOGY | E29: 572 | G29: 2025-04-01T07:25:23.328Z | H29: 2025-04-02T14:00:31.200Z | I29: BIET'19 | J29: VERDADERO | K29: 0 | L29: FALSO | M29: FALSO | N29: 0 | O29: 0 | P29: 0 | Q29: 0 | R29: 0 | S29: [] | T29: active | U29: 2019 | V29: FALSO | W29: [] | X29: 250 | Y29: 0 | Z29: 0 | AA29: 0 | AB29: 1 | AC29: notstarted
A30: 51823 | B30: 309418 | C30: 2529034 | D30: EXCEL NIVELL MIG | E30: 133 | G30: 2025-04-01T07:25:10.821Z | H30: 2025-04-02T14:00:23.494Z | I30: CIEF | J30: VERDADERO | K30: 0 | L30: FALSO | M30: FALSO | N30: 0 | O30: 0 | P30: 0 | Q30: 0 | R30: 0 | S30: [] | T30: active | U30: 2008 | V30: FALSO | W30: [] | X30: 0 | Y30: 0 | Z30: 0 | AA30: 0 | AB30: 1 | AC30: notstarted
A31: 51805 | B31: 309418 | C31: 2529034 | D31: EXCEL AVANZADO | E31: 12 | G31: 2025-04-01T07:25:05.249Z | H31: 2025-04-01T07:25:05.249Z | I31: FORCEM 2004 | J31: VERDADERO | K31: 0 | L31: FALSO | M31: FALSO | N31: 0 | O31: 0 | P31: 0 | Q31: 0 | R31: 0 | S31: [] | T31: draft | U31: 2004 | V31: FALSO | W31: [] | X31: 0 | Y31: 0 | Z31: 0 | AA31: 0 | AB31: 0
A32: 51833 | B32: 309418 | C32: 2529034 | D32: FIDELIZACIÓN DE CLIENTES Y GESTIÓN ESTRATÉGICA DE QUEJAS Y RECLAMACIONES | E32: 88 | G32: 2025-04-01T07:25:13.955Z | H32: 2025-04-01T07:25:13.955Z | J32: FALSO | K32: 0 | L32: FALSO | M32: FALSO | N32: 0 | O32: 0 | P32: 0 | Q32: 0 | R32: 0 | S32: [] | T32: draft | U32: 2007 | V32: FALSO | W32: [] | X32: 0 | Y32: 0 | Z32: 0 | AA32: 0 | AB32: 0
A33: 54597 | B33: 309418 | C33: 2529034 | D33: FISCALITAT BÀSICA | G33: 2025-05-02T12:51:45.222Z | H33: 2025-05-05T08:44:03.509Z | J33: VERDADERO | K33: 0 | L33: FALSO | M33: FALSO | N33: 0 | O33: 0 | P33: 0 | Q33: 0 | R33: 0 | S33: [] | T33: active | U33: 2024 | V33: FALSO | W33: [] | X33: 0 | Y33: 0 | Z33: 0 | AA33: 0 | AB33: 1 | AC33: notstarted
A34: 51857 | B34: 309418 | C34: 2529034 | D34: FOOD DEFENSE | E34: 500 | G34: 2025-04-01T07:25:21.706Z | H34: 2025-04-02T14:00:29.695Z | I34: SILLIKER IBÉRICA S.A.U. | J34: VERDADERO | K34: 0 | L34: FALSO | M34: FALSO | N34: 0 | O34: 0 | P34: 0 | Q34: 0 | R34: 0 | S34: [] | T34: active | U34: 2017 | V34: FALSO | W34: [] | X34: 455 | Y34: 0 | Z34: 0 | AA34: 455 | AB34: 1 | AC34: notstarted
A35: 51835 | B35: 309418 | C35: 2529034 | D35: FORAMCIÓN TÉCNICA DE LA AETC | E35: 281 | G35: 2025-04-01T07:25:14.532Z | H35: 2025-04-01T07:25:14.532Z | I35: AETC | J35: VERDADERO | K35: 0 | L35: FALSO | M35: FALSO | N35: 0 | O35: 0 | P35: 0 | Q35: 0 | R35: 0 | S35: [] | T35: draft | U35: 2011 | V35: FALSO | W35: [] | X35: 0 | Y35: 0 | Z35: 0 | AA35: 0 | AB35: 0
A36: 51858 | B36: 309418 | C36: 2529034 | D36: FORMACIO APPCC | E36: 346 | G36: 2025-04-01T07:25:22.016Z | H36: 2025-04-02T14:00:30.039Z | I36: SILLIKER IBÉRICA, S.A.U. | J36: VERDADERO | K36: 0 | L36: FALSO | M36: FALSO | N36: 0 | O36: 0 | P36: 0 | Q36: 0 | R36: 0 | S36: [] | T36: active | U36: 2013 | V36: FALSO | W36: [] | X36: 450 | Y36: 0 | Z36: 0 | AA36: 450 | AB36: 2 | AC36: notstarted
A37: 51850 | B37: 309418 | C37: 2529034 | D37: FORMACIÓ EN NOU GESTOR DE CONTINGUTS PÀGINA WEB | E37: 421 | G37: 2025-04-01T07:25:19.620Z | H37: 2025-04-02T14:00:28.258Z | I37: LA LLIMONA | J37: VERDADERO | K37: 0 | L37: FALSO | M37: FALSO | N37: 0 | O37: 0 | P37: 0 | Q37: 0 | R37: 0 | S37: [] | T37: active | U37: 2015 | V37: FALSO | W37: [] | X37: 495 | Y37: 0 | Z37: 0 | AA37: 495 | AB37: 1 | AC37: notstarted
A38: 51816 | B38: 309418 | C38: 2529034 | D38: FORMACIÓ PELS EQUIPS DE PRIMERA INTERVENCIÓ: PREVENCIÓ, EXTINCIÓ I EVACUACIÓ | E38: 185 | G38: 2025-04-01T07:25:08.793Z | H38: 2025-04-02T14:00:21.588Z | I38: EGARSAT | J38: VERDADERO | K38: 0 | L38: FALSO | M38: FALSO | N38: 0 | O38: 0 | P38: 0 | Q38: 0 | R38: 0 | S38: [] | T38: active | U38: 2008 | V38: FALSO | W38: [] | X38: 0 | Y38: 0 | Z38: 0 | AA38: 0 | AB38: 2 | AC38: notstarted
A39: 51852 | B39: 309418 | C39: 2529034 | D39: FORMACIÓN ACOGIDA: PREVENCIÓN DE RIESGOS, MEDIO AMBIENTE Y SEGURIDAD ALIMENTARIA | E39: 443 | G39: 2025-04-01T07:25:20.245Z | H39: 2025-04-02T14:00:28.531Z | J39: FALSO | K39: 0 | L39: FALSO | M39: FALSO | N39: 0 | O39: 0 | P39: 0 | Q39: 0 | R39: 0 | S39: [] | T39: active | U39: 2015 | V39: FALSO | W39: [] | X39: 0 | Y39: 0 | Z39: 0 | AA39: 0 | AB39: 1 | AC39: notstarted
A40: 51843 | B40: 309418 | C40: 2529034 | D40: FORMACIÓN CT+ | E40: 343 | G40: 2025-04-01T07:25:16.913Z | H40: 2025-04-02T14:00:26.800Z | I40: 3OR SOLUTIONS,S .L. | J40: VERDADERO | K40: 0 | L40: FALSO | M40: FALSO | N40: 0 | O40: 0 | P40: 0 | Q40: 0 | R40: 0 | S40: [] | T40: active | U40: 2013 | V40: FALSO | W40: [] | X40: 625 | Y40: 0 | Z40: 0 | AA40: 625 | AB40: 1 | AC40: notstarted
A41: 51817 | B41: 309418 | C41: 2529034 | D41: FORMACIÓN EN UTILIZACIÓN DE LOS MEDIOS DE EXTINCIÓN | E41: 166 | G41: 2025-04-01T07:25:09.099Z | H41: 2025-04-02T14:00:21.888Z | I41: EGARSAT | J41: VERDADERO | K41: 0 | L41: FALSO | M41: FALSO | N41: 0 | O41: 0 | P41: 0 | Q41: 0 | R41: 0 | S41: [] | T41: active | U41: 2006 | V41: FALSO | W41: [] | X41: 0 | Y41: 0 | Z41: 0 | AA41: 0 | AB41: 2 | AC41: notstarted
A42: 51821 | B42: 309418 | C42: 2529034 | D42: FORMACION PARA LOS EQUIPOS DE EMERGENCIA:PREVENCIÓN, EXTINCIÓN Y EVACUACIÓN | E42: 222 | G42: 2025-04-01T07:25:10.253Z | H42: 2025-04-02T14:00:22.876Z | I42: EGARSAT | J42: VERDADERO | K42: 0 | L42: FALSO | M42: FALSO | N42: 0 | O42: 0 | P42: 0 | Q42: 0 | R42: 0 | S42: [] | T42: active | U42: 2009 | V42: FALSO | W42: [] | X42: 0 | Y42: 0 | Z42: 0 | AA42: 0 | AB42: 1 | AC42: notstarted
A43: 51878 | B43: 309418 | C43: 2529034 | D43: FRANÇAIS DEXWAY ACADEMIE: NIVEAU A1 | E43: 773 | G43: 2025-04-01T07:25:29.639Z | H43: 2025-04-02T14:00:35.397Z | I43: GRUP CIEF, S.L. | J43: VERDADERO | K43: 0 | L43: FALSO | M43: FALSO | N43: 0 | O43: 0 | P43: 0 | Q43: 0 | R43: 0 | S43: [] | T43: active | U43: 2022 | V43: FALSO | W43: [] | X43: 202.5 | Y43: 0 | Z43: 0 | AA43: 202.5 | AB43: 1 | AC43: notstarted
A44: 51839 | B44: 309418 | C44: 2529034 | D44: GESTIÓ DE LES ALERTES ALIMENTÀRIES | E44: 301 | G44: 2025-04-01T07:25:15.774Z | H44: 2025-04-01T07:25:15.774Z | I44: ECA EMPORDÀ - IRTA - CENTA - ACSA | J44: VERDADERO | K44: 0 | L44: FALSO | M44: FALSO | N44: 0 | O44: 0 | P44: 0 | Q44: 0 | R44: 0 | S44: [] | T44: draft | U44: 2012 | V44: FALSO | W44: [] | X44: 0 | Y44: 0 | Z44: 0 | AA44: 0 | AB44: 0
A45: 51807 | B45: 309418 | C45: 2529034 | D45: HABILITATS DIRECTIVES | E45: 48 | G45: 2025-04-01T07:25:05.805Z | H45: 2025-04-01T07:25:05.805Z | I45: CIEF | J45: VERDADERO | K45: 0 | L45: FALSO | M45: FALSO | N45: 0 | O45: 0 | P45: 0 | Q45: 0 | R45: 0 | S45: [] | T45: draft | U45: 2005 | V45: FALSO | W45: [] | X45: 0 | Y45: 0 | Z45: 0 | AA45: 0 | AB45: 0
A46: 51834 | B46: 309418 | C46: 2529034 | D46: HERRAMIENTAS DE CALIDAD | E46: 255 | G46: 2025-04-01T07:25:14.233Z | H46: 2025-04-01T07:25:14.233Z | I46: INSTITUT UNIV. DE CIÈNCIA I TECNOLOGIA | J46: VERDADERO | K46: 0 | L46: FALSO | M46: FALSO | N46: 0 | O46: 0 | P46: 0 | Q46: 0 | R46: 0 | S46: [] | T46: draft | U46: 2011 | V46: FALSO | W46: [] | X46: 0 | Y46: 0 | Z46: 0 | AA46: 0 | AB46: 0
A47: 51810 | B47: 309418 | C47: 2529034 | D47: HIDROCOLOIDES: ESPESANTES I GELIFICANTES | E47: 32 | G47: 2025-04-01T07:25:06.791Z | H47: 2025-04-02T14:00:19.942Z | I47: AULA BDN, SCP | J47: VERDADERO | K47: 0 | L47: FALSO | M47: FALSO | N47: 0 | O47: 0 | P47: 0 | Q47: 0 | R47: 0 | S47: [] | T47: active | U47: 2005 | V47: FALSO | W47: [] | X47: 248 | Y47: 0 | Z47: 0 | AA47: 0 | AB47: 1 | AC47: notstarted
A48: 51865 | B48: 309418 | C48: 2529034 | D48: INCOTERMS 2020 | E48: 630 | G48: 2025-04-01T07:25:24.227Z | H48: 2025-04-02T14:00:32.279Z | I48: PRODECA - PROMOTORA DELS ALIMENTS CATALA | J48: VERDADERO | K48: 0 | L48: FALSO | M48: FALSO | N48: 0 | O48: 0 | P48: 0 | Q48: 0 | R48: 0 | S48: [] | T48: active | U48: 2019 | V48: FALSO | W48: [] | X48: 0 | Y48: 0 | Z48: 0 | AA48: 0 | AB48: 1 | AC48: notstarted
A49: 51808 | B49: 309418 | C49: 2529034 | D49: INGLES PRE-INTERMEDIATE | E49: 15 | G49: 2025-04-01T07:25:06.229Z | H49: 2025-04-02T14:00:19.656Z | I49: CIEF | J49: VERDADERO | K49: 0 | L49: FALSO | M49: FALSO | N49: 0 | O49: 0 | P49: 0 | Q49: 0 | R49: 0 | S49: [] | T49: active | U49: 2004 | V49: FALSO | W49: [] | X49: 0 | Y49: 0 | Z49: 0 | AA49: 0 | AB49: 1 | AC49: notstarted
A50: 54598 | B50: 309418 | C50: 2529034 | D50: INGLÉS UPPER-INTERMEDIATE | G50: 2025-05-02T12:51:45.510Z | H50: 2025-05-05T08:44:03.789Z | J50: VERDADERO | K50: 0 | L50: FALSO | M50: FALSO | N50: 0 | O50: 0 | P50: 0 | Q50: 0 | R50: 0 | S50: [] | T50: active | U50: 2024 | V50: FALSO | W50: [] | X50: 0 | Y50: 0 | Z50: 0 | AA50: 0 | AB50: 1 | AC50: notstarted
A51: 51822 | B51: 309418 | C51: 2529034 | D51: INTRODUCCIÓ A LA INFORMÀTICA Torn Tarda | E51: 252 | G51: 2025-04-01T07:25:10.539Z | H51: 2025-04-02T14:00:23.228Z | I51: CIEF | J51: VERDADERO | K51: 0 | L51: FALSO | M51: FALSO | N51: 0 | O51: 0 | P51: 0 | Q51: 0 | R51: 0 | S51: [] | T51: active | U51: 2010 | V51: FALSO | W51: [] | X51: 0 | Y51: 0 | Z51: 0 | AA51: 0 | AB51: 1 | AC51: notstarted
A52: 51849 | B52: 309418 | C52: 2529034 | D52: ISO 9001:2015 | E52: 403 | G52: 2025-04-01T07:25:18.950Z | H52: 2025-04-01T07:25:18.950Z | I52: TALLER PROQUO | J52: VERDADERO | K52: 0 | L52: FALSO | M52: FALSO | N52: 0 | O52: 0 | P52: 0 | Q52: 0 | R52: 0 | S52: [] | T52: draft | U52: 2015 | V52: FALSO | W52: [] | X52: 0 | Y52: 0 | Z52: 0 | AA52: 0 | AB52: 0
A53: 51819 | B53: 309418 | C53: 2529034 | D53: JORNADAS DE INNOVACIÓN Y SEGURIDAD ALIMENTARIA | E53: 134 | G53: 2025-04-01T07:25:09.686Z | H53: 2025-04-02T14:00:22.155Z | I53: ASOCIACIÓN DE FABRICANTES Y COMERCIALIZA | J53: VERDADERO | K53: 0 | L53: FALSO | M53: FALSO | N53: 0 | O53: 0 | P53: 0 | Q53: 0 | R53: 0 | S53: [] | T53: active | U53: 2008 | V53: FALSO | W53: [] | X53: 45 | Y53: 0 | Z53: 0 | AA53: 45 | AB53: 1 | AC53: notstarted
A54: 51827 | B54: 309418 | C54: 2529034 | D54: JORNADAS TÉCNICAS DE LA AETC | E54: 250 | G54: 2025-04-01T07:25:11.992Z | H54: 2025-04-02T14:00:24.418Z | I54: ASOCIACION ESPAÑOLA DE TÉCNICOS CEREALIS | J54: VERDADERO | K54: 0 | L54: FALSO | M54: FALSO | N54: 0 | O54: 0 | P54: 0 | Q54: 0 | R54: 0 | S54: [] | T54: active | U54: 2010 | V54: FALSO | W54: [] | X54: 350 | Y54: 0 | Z54: 0 | AA54: 0 | AB54: 1 | AC54: notstarted
A55: 51815 | B55: 309418 | C55: 2529034 | D55: LA HABILIDAD DE SABER COMUNICAR LA CLAVE DE UN LÍDER EFICAZ | E55: 142 | G55: 2025-04-01T07:25:08.360Z | H55: 2025-04-01T07:25:08.360Z | I55: INFORPRESS | J55: VERDADERO | K55: 0 | L55: FALSO | M55: FALSO | N55: 0 | O55: 0 | P55: 0 | Q55: 0 | R55: 0 | S55: [] | T55: draft | U55: 2008 | V55: FALSO | W55: [] | X55: 0 | Y55: 0 | Z55: 0 | AA55: 0 | AB55: 0
A56: 51853 | B56: 309418 | C56: 2529034 | D56: LEGISLACIÓN ALIMENTARIA | E56: 455 | G56: 2025-04-01T07:25:20.507Z | H56: 2025-04-02T14:00:28.808Z | I56: SILLIKER IBÉRICA S.A.U. | J56: VERDADERO | K56: 0 | L56: FALSO | M56: FALSO | N56: 0 | O56: 0 | P56: 0 | Q56: 0 | R56: 0 | S56: [] | T56: active | U56: 2016 | V56: FALSO | W56: [] | X56: 904 | Y56: 0 | Z56: 0 | AA56: 0 | AB56: 1 | AC56: notstarted
A57: 51803 | B57: 309418 | C57: 2529034 | D57: LOTUS NOTES | E57: 9 | G57: 2025-04-01T07:25:04.674Z | H57: 2025-04-02T14:00:19.398Z | J57: FALSO | K57: 0 | L57: FALSO | M57: FALSO | N57: 0 | O57: 0 | P57: 0 | Q57: 0 | R57: 0 | S57: [] | T57: active | U57: 2004 | V57: FALSO | W57: [] | X57: 0 | Y57: 0 | Z57: 0 | AA57: 0 | AB57: 1 | AC57: notstarted
A58: 54599 | B58: 309418 | C58: 2529034 | D58: MANIPULACION ALIMENTOS | G58: 2025-05-02T12:51:45.781Z | H58: 2025-05-05T08:44:04.183Z | J58: VERDADERO | K58: 0 | L58: FALSO | M58: FALSO | N58: 0 | O58: 0 | P58: 0 | Q58: 0 | R58: 0 | S58: [] | T58: active | U58: 2024 | V58: FALSO | W58: [] | X58: 0 | Y58: 0 | Z58: 0 | AA58: 0 | AB58: 1 | AC58: notstarted
A59: 51870 | B59: 309418 | C59: 2529034 | D59: MANIPULACIÓN DE CARGAS | E59: 552 | G59: 2025-04-01T07:25:25.714Z | H59: 2025-04-02T14:00:33.897Z | I59: GRUPO PREVING | J59: VERDADERO | K59: 0 | L59: FALSO | M59: FALSO | N59: 0 | O59: 0 | P59: 0 | Q59: 0 | R59: 0 | S59: [] | T59: active | U59: 2021 | V59: FALSO | W59: [] | X59: 0 | Y59: 0 | Z59: 0 | AA59: 0 | AB59: 3 | AC59: notstarted
A60: 51837 | B60: 309418 | C60: 2529034 | D60: MASAS MADRE | E60: 290 | G60: 2025-04-01T07:25:15.170Z | H60: 2025-04-01T07:25:15.170Z | I60: INNOPAN | J60: VERDADERO | K60: 0 | L60: FALSO | M60: FALSO | N60: 0 | O60: 0 | P60: 0 | Q60: 0 | R60: 0 | S60: [] | T60: draft | U60: 2012 | V60: FALSO | W60: [] | X60: 0 | Y60: 0 | Z60: 0 | AA60: 0 | AB60: 0
A61: 51868 | B61: 309418 | C61: 2529034 | D61: MOVIMIENTOS REPETITIVOS: RIESGOS Y MEDIDAS PREVENTIVAS | E61: 617 | G61: 2025-04-01T07:25:25.117Z | H61: 2025-04-02T14:00:33.319Z | I61: GRUPO PREVING | J61: VERDADERO | K61: 0 | L61: FALSO | M61: FALSO | N61: 0 | O61: 0 | P61: 0 | Q61: 0 | R61: 0 | S61: [] | T61: active | U61: 2019 | V61: FALSO | W61: [] | X61: 0 | Y61: 0 | Z61: 0 | AA61: 0 | AB61: 3 | AC61: notstarted
A62: 51838 | B62: 309418 | C62: 2529034 | D62: NORMA IFS - FOOD | E62: 288 | G62: 2025-04-01T07:25:15.459Z | H62: 2025-04-01T07:25:15.459Z | I62: MCA network Group | J62: VERDADERO | K62: 0 | L62: FALSO | M62: FALSO | N62: 0 | O62: 0 | P62: 0 | Q62: 0 | R62: 0 | S62: [] | T62: draft | U62: 2012 | V62: FALSO | W62: [] | X62: 0 | Y62: 0 | Z62: 0 | AA62: 0 | AB62: 0
A63: 51876 | B63: 309418 | C63: 2529034 | D63: OFFICE 365: EXCEL BÁSICO | E63: 771 | G63: 2025-04-01T07:25:29.043Z | H63: 2025-04-01T07:25:29.043Z | I63: GRUP CIEF, S.L. | J63: VERDADERO | K63: 0 | L63: FALSO | M63: FALSO | N63: 0 | O63: 0 | P63: 0 | Q63: 0 | R63: 0 | S63: [] | T63: draft | U63: 2022 | V63: FALSO | W63: [] | X63: 0 | Y63: 0 | Z63: 0 | AA63: 0 | AB63: 0
A64: 51875 | B64: 309418 | C64: 2529034 | D64: OFFICE 3665 WORD BÁSICO | E64: 770 | G64: 2025-04-01T07:25:28.720Z | H64: 2025-04-01T07:25:28.720Z | I64: GRUP CIEF, S.L. | J64: VERDADERO | K64: 0 | L64: FALSO | M64: FALSO | N64: 0 | O64: 0 | P64: 0 | Q64: 0 | R64: 0 | S64: [] | T64: draft | U64: 2022 | V64: FALSO | W64: [] | X64: 0 | Y64: 0 | Z64: 0 | AA64: 0 | AB64: 0
A65: 51854 | B65: 309418 | C65: 2529034 | D65: OPERADOR DE CARRETILLAS ELEVADORAS | E65: 461 | G65: 2025-04-01T07:25:20.767Z | H65: 2025-04-01T07:25:20.767Z | I65: FORYD | J65: VERDADERO | K65: 0 | L65: FALSO | M65: FALSO | N65: 0 | O65: 0 | P65: 0 | Q65: 0 | R65: 0 | S65: [] | T65: draft | U65: 2016 | V65: FALSO | W65: [] | X65: 0 | Y65: 0 | Z65: 0 | AA65: 0 | AB65: 0
A66: 51811 | B66: 309418 | C66: 2529034 | D66: PANTALLAS DE VISUALIZACIÓN DE DATOS | E66: 105 | G66: 2025-04-01T07:25:07.091Z | H66: 2025-04-02T14:00:20.208Z | I66: MEGARA SOCIEDAD DE PREVENCIÓN DE MUTUA E | J66: VERDADERO | K66: 0 | L66: FALSO | M66: FALSO | N66: 0 | O66: 0 | P66: 0 | Q66: 0 | R66: 0 | S66: [] | T66: active | U66: 2007 | V66: FALSO | W66: [] | X66: 0 | Y66: 0 | Z66: 0 | AA66: 0 | AB66: 4 | AC66: notstarted
A67: 51806 | B67: 309418 | C67: 2529034 | D67: PERFECCIONAMIENTO DEL MANDO - GESTIÓN DE EQUIPOS | E67: 17 | G67: 2025-04-01T07:25:05.519Z | H67: 2025-04-01T07:25:05.519Z | I67: FORCEM 2004 | J67: VERDADERO | K67: 0 | L67: FALSO | M67: FALSO | N67: 0 | O67: 0 | P67: 0 | Q67: 0 | R67: 0 | S67: [] | T67: draft | U67: 2004 | V67: FALSO | W67: [] | X67: 0 | Y67: 0 | Z67: 0 | AA67: 0 | AB67: 0
A68: 51828 | B68: 309418 | C68: 2529034 | D68: PREVENCION DE RIESGOS LABORALES NIVEL BASICO | E68: 62 | G68: 2025-04-01T07:25:12.382Z | H68: 2025-04-02T14:00:24.737Z | I68: EGARSAT | J68: VERDADERO | K68: 0 | L68: FALSO | M68: FALSO | N68: 0 | O68: 0 | P68: 0 | Q68: 0 | R68: 0 | S68: [] | T68: active | U68: 2008 | V68: FALSO | W68: [] | X68: 0 | Y68: 0 | Z68: 0 | AA68: 0 | AB68: 1 | AC68: notstarted
A69: 51855 | B69: 309418 | C69: 2529034 | D69: PREVENCION DEL RIESGO MANIPULACION PRODUCTOS QUIMICOS PELIGROSOS | E69: 51 | G69: 2025-04-01T07:25:21.048Z | H69: 2025-04-02T14:00:29.101Z | J69: FALSO | K69: 0 | L69: FALSO | M69: FALSO | N69: 0 | O69: 0 | P69: 0 | Q69: 0 | R69: 0 | S69: [] | T69: active | U69: 2016 | V69: FALSO | W69: [] | X69: 0 | Y69: 0 | Z69: 0 | AA69: 0 | AB69: 5 | AC69: notstarted
A70: 51860 | B70: 309418 | C70: 2529034 | D70: PREVENCION RIESGOS LABORALES Nivel Básico | E70: 150 | G70: 2025-04-01T07:25:22.633Z | H70: 2025-04-02T14:00:30.659Z | I70: EXCELENCIA Y GARANTIA PARA LA SALUD | J70: VERDADERO | K70: 0 | L70: FALSO | M70: FALSO | N70: 0 | O70: 0 | P70: 0 | Q70: 0 | R70: 0 | S70: [] | T70: active | U70: 2018 | V70: FALSO | W70: [] | X70: 250 | Y70: 0 | Z70: 0 | AA70: 250 | AB70: 1 | AC70: notstarted
A71: 51882 | B71: 309418 | C71: 2529034 | D71: PRINCIPALES NOVEDADES DEL ÁRBOL DE DECISIONES - PGHA CODEX ALIMENTARIUS 2023 | E71: 818 | G71: 2025-04-01T07:25:30.949Z | H71: 2025-04-02T14:00:36.688Z | I71: BUREAU VERITAS BUSINESS SCHOOL | J71: VERDADERO | K71: 0 | L71: FALSO | M71: FALSO | N71: 0 | O71: 0 | P71: 0 | Q71: 0 | R71: 0 | S71: [] | T71: active | U71: 2024 | V71: FALSO | W71: [] | X71: 144 | Y71: 0 | Z71: 0 | AA71: 0 | AB71: 2 | AC71: notstarted
A72: 51874 | B72: 309418 | C72: 2529034 | D72: RECICLATGE CURS SUPORT VITAL BÀSIC I ÚS DEL DESFIBRIL·LADOR | E72: 708 | G72: 2025-04-01T07:25:28.419Z | H72: 2025-04-02T14:00:34.685Z | I72: CONSELL CATALÀ DE RESUSCITACIÓ | J72: VERDADERO | K72: 0 | L72: FALSO | M72: FALSO | N72: 0 | O72: 0 | P72: 0 | Q72: 0 | R72: 0 | S72: [] | T72: active | U72: 2021 | V72: FALSO | W72: [] | X72: 0 | Y72: 0 | Z72: 0 | AA72: 0 | AB72: 1 | AC72: notstarted
A73: 51836 | B73: 309418 | C73: 2529034 | D73: RIESGOS QUIMICOS, CONTACTOS TÉRMICOS, CARGA FÍSICA, TRABAJOS ESPECIALES, ORDEN.. | E73: 294 | G73: 2025-04-01T07:25:14.881Z | H73: 2025-04-01T07:25:14.881Z | I73: REBECA HERNAIZ | J73: VERDADERO | K73: 0 | L73: FALSO | M73: FALSO | N73: 0 | O73: 0 | P73: 0 | Q73: 0 | R73: 0 | S73: [] | T73: draft | U73: 2012 | V73: FALSO | W73: [] | X73: 0 | Y73: 0 | Z73: 0 | AA73: 0 | AB73: 0
A74: 51825 | B74: 309418 | C74: 2529034 | D74: RISCOS GENERALS I MESURES PREVENTIVES BÀSIQUES | E74: 230 | G74: 2025-04-01T07:25:11.373Z | H74: 2025-04-02T14:00:24.158Z | J74: VERDADERO | K74: 0 | L74: FALSO | M74: FALSO | N74: 0 | O74: 0 | P74: 0 | Q74: 0 | R74: 0 | S74: [] | T74: active | U74: 2010 | V74: FALSO | W74: [] | X74: 0 | Y74: 0 | Z74: 0 | AA74: 0 | AB74: 1 | AC74: notstarted
A75: 51871 | B75: 309418 | C75: 2529034 | D75: RUIDO: RIESGOS Y MEDIDAS PREVENIVAS | E75: 680 | G75: 2025-04-01T07:25:27.444Z | H75: 2025-04-02T14:00:34.146Z | I75: GRUPO PREVING | J75: VERDADERO | K75: 0 | L75: FALSO | M75: FALSO | N75: 0 | O75: 0 | P75: 0 | Q75: 0 | R75: 0 | S75: [] | T75: active | U75: 2020 | V75: FALSO | W75: [] | X75: 0 | Y75: 0 | Z75: 0 | AA75: 0 | AB75: 4 | AC75: notstarted
A76: 51864 | B76: 309418 | C76: 2529034 | D76: SEGUIMIENTO DE FRAUDE Y ALERTAS ALIMENTARIAS A NIVEL MUNDIAL EN TIEMPO REAL | E76: 624 | G76: 2025-04-01T07:25:23.939Z | H76: 2025-04-02T14:00:31.819Z | I76: SILLIKER IBERICA | J76: VERDADERO | K76: 0 | L76: FALSO | M76: FALSO | N76: 0 | O76: 0 | P76: 0 | Q76: 0 | R76: 0 | S76: [] | T76: active | U76: 2019 | V76: FALSO | W76: [] | X76: 0 | Y76: 0 | Z76: 0 | AA76: 0 | AB76: 1 | AC76: notstarted
A77: 51873 | B77: 309418 | C77: 2529034 | D77: SOPORTE VITAL BÁSICO Y USO DES DESFIBRILADOR | E77: 707 | G77: 2025-04-01T07:25:28.131Z | H77: 2025-04-02T14:00:34.399Z | I77: PREVENCIÓ I SALUT DEL BAGES SL | J77: VERDADERO | K77: 0 | L77: FALSO | M77: FALSO | N77: 0 | O77: 0 | P77: 0 | Q77: 0 | R77: 0 | S77: [] | T77: active | U77: 2021 | V77: FALSO | W77: [] | X77: 170 | Y77: 0 | Z77: 0 | AA77: 170 | AB77: 1 | AC77: notstarted
A78: 51809 | B78: 309418 | C78: 2529034 | D78: SYMPOSIUM ON ENZIMES IN GRAIN PROCESSING | E78: 40 | G78: 2025-04-01T07:25:06.511Z | H78: 2025-04-01T07:25:06.511Z | I78: NANTES INRA Reserarch Centre | J78: VERDADERO | K78: 0 | L78: FALSO | M78: FALSO | N78: 0 | O78: 0 | P78: 0 | Q78: 0 | R78: 0 | S78: [] | T78: draft | U78: 2005 | V78: FALSO | W78: [] | X78: 0 | Y78: 0 | Z78: 0 | AA78: 0 | AB78: 0
A79: 51861 | B79: 309418 | C79: 2529034 | D79: TECNOLOGIA DEL FRIO EN PANADERIA ARTESANA | E79: 571 | G79: 2025-04-01T07:25:22.967Z | H79: 2025-04-02T14:00:30.923Z | I79: FUNDACIÓ GREMI DE FLEQUERS | J79: VERDADERO | K79: 0 | L79: FALSO | M79: FALSO | N79: 0 | O79: 0 | P79: 0 | Q79: 0 | R79: 0 | S79: [] | T79: active | U79: 2019 | V79: FALSO | W79: [] | X79: 140 | Y79: 0 | Z79: 0 | AA79: 0 | AB79: 1 | AC79: notstarted
A80: 51869 | B80: 309418 | C80: 2529034 | D80: TRANSPALETAS Y APILADORAS. MANUAL Y ELÉCTRICAS: RIESGOS Y MEDIDAS PREVENTIVAS | E80: 682 | G80: 2025-04-01T07:25:25.407Z | H80: 2025-04-02T14:00:33.591Z | I80: GRUPO PREVING | J80: VERDADERO | K80: 0 | L80: FALSO | M80: FALSO | N80: 0 | O80: 0 | P80: 0 | Q80: 0 | R80: 0 | S80: [] | T80: active | U80: 2021 | V80: FALSO | W80: [] | X80: 0 | Y80: 0 | Z80: 0 | AA80: 0 | AB80: 3 | AC80: notstarted
A81: 51840 | B81: 309418 | C81: 2529034 | D81: UTILIZACIÓN DE LOS MEDIOS DE EXTINCION (BIEs). FORMACIÓN PRÁCTICA | E81: 274 | G81: 2025-04-01T07:25:16.114Z | H81: 2025-04-02T14:00:26.219Z | I81: EGARSAT | J81: VERDADERO | K81: 0 | L81: FALSO | M81: FALSO | N81: 0 | O81: 0 | P81: 0 | Q81: 0 | R81: 0 | S81: [] | T81: active | U81: 2012 | V81: FALSO | W81: [] | X81: 0 | Y81: 0 | Z81: 0 | AA81: 0 | AB81: 1 | AC81: notstarted
A82: 51830 | B82: 309418 | C82: 2529034 | D82: UTILIZACION DE LOS MEDIOS DE EXTINCION DE INCENDIOS (EXTINTORES Y BIES)-FORMACIO | E82: 221 | G82: 2025-04-01T07:25:13.029Z | H82: 2025-04-02T14:00:25.033Z | I82: EGARSAT | J82: VERDADERO | K82: 0 | L82: FALSO | M82: FALSO | N82: 0 | O82: 0 | P82: 0 | Q82: 0 | R82: 0 | S82: [] | T82: active | U82: 2009 | V82: FALSO | W82: [] | X82: 0 | Y82: 0 | Z82: 0 | AA82: 0 | AB82: 2 | AC82: notstarted
A83: 51826 | B83: 309418 | C83: 2529034 | D83: VALIDACIÓN DE PROCEDIMIENTOS DE LIMPIEZA | E83: 248 | G83: 2025-04-01T07:25:11.678Z | H83: 2025-04-01T07:25:11.678Z | I83: IQS | J83: VERDADERO | K83: 0 | L83: FALSO | M83: FALSO | N83: 0 | O83: 0 | P83: 0 | Q83: 0 | R83: 0 | S83: [] | T83: draft | U83: 2010 | V83: FALSO | W83: [] | X83: 0 | Y83: 0 | Z83: 0 | AA83: 0 | AB83: 0
A84: 54600 | B84: 309418 | C84: 2529034 | D84: VIDA ÚTIL DELS ALIMENTS REGLAMENT CE 2073/2005 | G84: 2025-05-02T12:51:46.056Z | H84: 2025-05-05T08:44:04.897Z | J84: VERDADERO | K84: 0 | L84: FALSO | M84: FALSO | N84: 0 | O84: 0 | P84: 0 | Q84: 0 | R84: 0 | S84: [] | T84: active | U84: 2024 | V84: FALSO | W84: [] | X84: 0 | Y84: 0 | Z84: 0 | AA84: 0 | AB84: 1 | AC84: notstarted
A85: 51812 | B85: 309418 | C85: 2529034 | D85: XI FOOD STUDIES MEETING ON HEALTH AND CHEMISTRY | E85: 100 | G85: 2025-04-01T07:25:07.389Z | H85: 2025-04-02T14:00:20.604Z | I85: ASOCIACIÓN DE QUÍMICOS E INGENIEROS | J85: VERDADERO | K85: 0 | L85: FALSO | M85: FALSO | N85: 0 | O85: 0 | P85: 0 | Q85: 0 | R85: 0 | S85: [] | T85: active | U85: 2007 | V85: FALSO | W85: [] | X85: 150 | Y85: 0 | Z85: 0 | AA85: 150 | AB85: 1 | AC85: notstarted
